name,Job Role,CTC,Stipend,Eligible Batch,Eligible Courses,Eligible Branches,Internship Duration,Location,Application Link
Summer Internship for Neotic Exposure (SINE),,,"* Rs. 500/- per week | Mode:* Offline | Application Form Link:* https://forms.gle/Y29qcAq91vY8Ayt66 | Deadline*: March 31, 2024","* 2025, 2026","* BTech, MTech","* All | Eligibility:* Students must be amongst Top 15 ranks (for BTech) or Top 5 ranks (for MTech) in their respective program/branch | Duration:* 8 weeks (May 15 - July 19, 2024)",,,
GE HealthCare,,,,"* 2024, 2025, 2026 | Team Size:* 1-4 | Process:* | (1) Idea Round | (2) POC Round | Prizes:* | 1st Prize- INR 150000 | 2nd Prize- INR 100000 | 3rd Prize- INR 75000 | Registration Deadline:* 15th April 2024 | Registration Link:* | https://www.hackerearth.com/challenges/hackathon/pcc-2024/","* B.Tech, M.Tech, Dual Degree",* All,,,
Fortify Health,,,,,,,,,
Maker Bhavan Foundation Invention Factory*,,,,,,,,,
Summer Internship for Neotic Exposure (SINE),,,"* INR. 500/- per week | Mode:* Offline | Registration Form Link:* https://www.iitrpr.ac.in/studentportal/summerinternship-2024 | Deadline*: March 31, 2024","* 2025, 2026","* BTech, MTech","* All | Eligibility:* Students must be amongst Top 15 ranks (for BTech) or Top 5 ranks (for MTech) in their respective program/branch | Duration:* 8 weeks (May 15 - July 19, 2024)",,,
CSIR IMMT Bhubaneswar,,,,,,,,,
TOWER RESEARCH CAPITAL,,,* Not Disclosed,"* 2025, 2026","* B.Tech, M.Tech, Dual, M.Sc, Integrated M.Sc, PhD",* All,,* Gurgaon,"* https://boards.greenhouse.io/embed/job_app?token=5798772&gh_src=be8ebc4b1&source=LinkedIn | Registration link:* https://forms.gle/ai5dEpWLcC5QEEGYA | Application deadline:* Apply ASAP! | Note:* | 23/03/24, 13:36 - +91 98012 67549 joined using a group link."
"FedEx, IITM Centre",,,,"* 2025, 2026",* All,"* All | Application Form Link:* https://docs.google.com/forms/d/e/1FAIpQLSd81LgfjDN_IRwOcNlWmX5gCl_tRHgG32ztqJSzfn55OAxzVA/viewform | Application Deadline*: April 15th, 2024 | (1) _Choose the category of interest accordingly._ | (2) _Upload your latest CV and gradecard upto 3rd semester (for B.Tech) and 5th semester (for Dual degree)._ | (3) _Students should have good programming and analytical capabilities._ <This message was edited>",,* Chennai,
Summer Research Internship Program-2024,,,,,,,,,
IISER BHOPAL,,,* Unpaid,"* 2025, 2026, 2027","* B.Tech, M.Tech, Dual, M.Sc, Integrated M.Sc",* All,,,"* https://internship.iiserb.ac.in/internship/ | Registration link:* https://forms.gle/Qcr3qAtuWMXnB9nv8 | Application Deadline:* April 21, 2024"
Next Gen Scientist Foundation,,,Rs.6000 (on-site) | Rs.3000 (remote),"* 2025, 2026, 2027","* B.Tech, M.Tech, Dual degree, M.Sc, Integrated M.Sc",* All | Domain:* Life Science,,,"* https://ngsf.in/ngs-internship-program/ | Registration link:* https://forms.gle/KmP3Jt3YxPU9beWk8 | Deadline:* March 31, 2024"
Summer Research Internship Program-2024,,,,,,,,,
IIT Bhubaneswar,,,* Unpaid,"* 2025, 2026","* B.Tech, M.Tech, Dual degree, M.Sc, Integrated M.Sc, MA","* CS, EE, EI, EC, ME, CE, MM, CR, CY, PH, MA, HS, ER, AG",,,"* https://webapps.iitbbs.ac.in/internship-application/index.php | Registration link:* https://forms.gle/dMUDgqVo97t1NCDH7 | Deadline:* 16th April 2024, 11:45 midnight"
School of AI & Data Science - IIT Jodhpur,,,,"* 2025, 2026",* B.Tech,* All | Eligibility:* CGPA > 7.0 | Registration link:* https://tinyurl.com/yhvs3ybd | Deadline:* 15th April 2024,,,
IIIT Delhi,,,* Rs.5000 per month.,"* 2025, 2026","* B.Tech, Dual degree, Integrated M.Sc",* All,,,"* https://www.iiitd.edu.in/internship/login.php | Registration link:* https://forms.gle/pCqTotNkUGXYGXMK8 | Deadline:* 31 March, 2024"
ITC Limited,* Product Management,,* Not Disclosed,"* 2025, 2026, 2027","* B. Tech, Dual",* All,,,https://recruitment.itcportal.com/jobs/Careers/48611000027604001 | Registration Link:* | https://forms.gle/wb1AseEEqaxgC7Gr8 | Deadline:* _Apply Asap_ | Note: _It is mandatory to fill both the forms._
SUSTAIN-A-THON,,,,"* 2025, 2026, 2027 | Team Size:* 1-3 | Process:* | 1) Preliminary Round- MCQ Assessment. | 2) Round 1- Executive Summary Submission. | 3) Round 2- Detailed Presentation Submission. | 4) Briefing webinar and Q&A session. | 5) Round 3 - Grand Finale | Rewards:* | 1) Winner - Cash prize of Rs 3 lakhs. | 2) 1st Runner-up - Cash prize of Rs 2 lakhs. | 3) 2nd Runner-up - Cash prize of Rs 1 lakh. | 4) The remaining 9 national finalists in the Grand Finale will be awarded Rs 10,000 each | 5) Participation certificate for all. | Application Deadline:* 11.59pm, 14th April 2024",* ALL,*  ALL,,,* https://shorturl.at/jCKRZ | Note:*
Indian Institute of Space Science and Technology (IIST),,,,,,,,,
SPARK,,,,"* 2025, 2026 | CGPA Criteria:* CGPA>=8.0","* BTech, Int. MSc","* CS, EC, EE, ME, CH, CE, MM, PH, MA",,,"* https://forms.gle/wxebUfiqYhdo69iH7 | Deadline of Registration :* 15th April, 2024"
School of AI & Data Science - IIT Jodhpur,,,,"* 2025, 2026",* B.Tech,* All | Eligibility:* CGPA > 7.0 | Registration link:* https://tinyurl.com/yhvs3ybd | Deadline:* 15th April 2024,,,
NISER,,,,,,,,,
Tata Institute of Fundamental Research Centre for Applicable Mathematics (TIFR-CAM),,,* Rs. 7000 per month,"* 2025, 2026, 2027, 2028","* B. Tech, Dual, Int. Msc.",* All,,,"https://www.math.tifrbng.res.in/academic/internships | Registration Link:* | https://forms.gle/k3gMVfpkjnTX3L7TA | Deadline:* 11:59 pm, 20th April 2024 | Note:"
Summer Research Internship Scheme (SRIS) 2024,,,* Rs. 5000 per month,,"* B.Tech, Dual degree, Integrated M.Sc | Eligible Batches :* 2025, 2026 | Eligible Branches :* CS, EC, EE, ME, CH, CE, MM, PH, MA | Eligibility Criteria:* CGPA>=7.5. | Duration:* 8 weeks | second week of May to Mid-June, 2024. | Application Deadline date:* April 15, 2024 | Application Process :* Applications need to be submitted through email (srip@iitism.ac.in) | Registration Link :* https://forms.gle/JXRYouUGoNQAFWWq8",,,,
NIT Trichy,,,,,,,,,
American Express Makeathon 2024 (Women only),,,,"* 2025, 2026.","* B. Tech, Dual degree | Eligibility criteria:* | *Female students only.* | Team size:* 1 to 5 members. | Registration deadline:* | 28th April, 2024. | Rewards & Prizes:* | > *Top 3 teams to get full time/internship opportunities with American express.* | > Winner - INR 75,000 + gift hampers. | > 1st Runners up - INR 50,000 + gift hampers. | > 2nd Runners up - INR 30,000 + gift hampers.",* All,,,
Samagra Governance,,,,,,,,,
Inter-University Centre for Astronomy and Astrophysics (IUCAA),,,,,,,,,
Airbus Aerothon 6.O,,,,,,,,,
SUMMER RESEARCH INTERNSHIP PROGRAM 2024,,,"* INR 20,000/- for the entire period. | Mode of Internship:* Hybrid | 4 weeks on-campus between May 15- June 30 as per availability of guide | 4 weeks remote | Application Deadline:* 30th April, 2024 11:59 PM","* 2025, 2026","* B. Tech, Dual | Duration:* 8 weeks between May 15 - July 31, 2024",* All,,,https://forms.gle/5hQJnkALUzUvStaU6 | Project details:* https://drive.google.com/file/d/1cfV9gHJutljtb5RgXzDL-UvVfHQnwoiw/view?usp=sharing
Solve for Tomorrow,,,,* All,"* All | Eligibility criteria:* Only candidates who are aged 18-22 years on the last day of the competition can apply. | Team size:* individual or 2 to 5 members. | Theme:* Environment & Sustainability | Rewards & Prizes:* | > Winner: 50 Lakh Grant for the winner+Samsung products | > Finalists(Top 5 teams): 1Lakh per team + Samsung Galaxy Z flip smartphone | > Semi finalists (Top 10 teams):20K per team +Samsung galaxy laptop | > Regional shortlist (Top 50 teams): certificate of participation | Registration Deadline:* | 31st May 2024,5PM.* | Note:* It is mandatory to fill both the forms. | 22/04/24, 20:04 - ~ Abhilash Nayak added ~ Rashmi Ranjan Samantaray",* All,,,
IIT DHARWAD,,,,,,,,,
LPAI*,,,"* 15KPM | Registration Link:* https://forms.gle/QAD6dYnxmMGYqL5QA | Note*: | 1) Hard copy of filled application form along with CV, area of interest inwork, and two valid references ( annexure 1 and 2 )are to be submitted at CDC office positively before 25.04.2024 (Thursday), 5.00PM. | 2) For further information go through the PDF given below or visit https://lpai.gov.in/.","* 2025, 2026","* B.Tech, MBA, Dual, Int MSc",* All | Duration*: 2 months,,,
AAKRUTI Global 2024,,,,"* 2025, 2026, 2027, 2028.","* B. Tech, B. Arch, Dual degree, Int MSc.","* All. | Team size:* Team of 4 students (mandatory) along with a mentor | Rewards and Prizes:* | > Cash prizes worth 3500 USD. | > *Job opportunities at Dassault Systèmes India.* | > Top ""All Girls"" team will get a special prize. | > College trophy to the maximum number of teams submitting qualified entries from one college. | Registration Deadline: 20 May 2024* | For further details and information, please follow the link provided below:_ | https://www.solidworks.com/product/students/aakrutiglobal2024 | Note:  The final event will be hosted at Dassault Systèmes - Pune on 15 November 2024.",,,
Lowe's India,,,,,,,,,
Amazon Wow 2024,,,,,,,,,
Lowe's India,,,,,,,,,
AlgoUniversity,,,,"* 2025, 2026","* B.Tech, Dual, Int. Msc","* All | Eligibility Criteria:* CGPA > 6.00 | Duration:* 2 Months | Important Points* | TnP cell is organizing *Graphs Programming Camp*  _(12-14th May)_ led by Codeforces Yellow, Manas Kumar Verma, a IIIT Hyd CS graduate and former Quant Trader at Alphagrep. | It's mandatory to attend the event to be eligible for the opportunity. | Registration link:* https://bit.ly/graphs-camp-nit-rourkela",,,"* https://forms.gle/PGieENKBuGFZR6s27 | Deadline:* May 10 2024 (tomorrow), *11:59 PM*."
AlphaVerse Premier League 2024,,,,,,,,,
AlgoUniversity,,,,,,,,,
HackOn with Amazon Season 4,,,,"* 2025,2026","*  B.Tech,M.Tech, Dual","* All | Deadline:* 25th May,2024",,,"https://unstop.com/hackathons/hackon-with-amazon-season-4-amazon-959046 | Registration form:* | https://forms.gle/Zp66UAenB5qjRpr37 | Rewards & Prizes:* | > Winner - INR 1,00,000 + an opportunity to experience ‘A day at Amazon' | > 1st runner-up - INR 75,000 | > 2nd runner-up - INR 50,000 | > Mentorship for the Top 8 teams | > SWAGs for the Top 8 teams | > The Titan - Top 75 Coders - Exciting Prizes | > The Wonder Woman - Top 50 Female Coders - Exciting Prizes | > The Trailblazer - Top 25 Fastest Coders - Exciting Prizes | NOTE*"
🏕️ *Graphs Camp Shortlist,,,,,,,,,
AAKRUTI Global 2024,,,,"* 2024, 2025, 2026",* All,"* All | Perks and Benefits:* | 1) PPI in one of the top Product Lifecycle Management Company. | 2) Top teams get an opportunity to present projects to juries from various industries, academia and specialist from Dassault Systèmes in Pune Campus, India. | Registration link:* https://solidworks.com/aakruti | Deadline:* 20th May 2024. <This message was edited>",,,
Lowe's India,,,,,,,,,
Fischer Jordan,,,* 20 KPM,"* 2025, 2026",* B.Tech,"* All | Duration of Internship:* 6 Months (student should be comfortable interning during college days) | Expected Time Commitment:* 20 hours/week | Registration Link:* (Students should fill both the forms) | Form - 1:* https://docs.google.com/forms/d/e/1FAIpQLSfyKrplzUwFC2jo7aQdXVayIkgRKc9EGBtVKfQZpjKDYrvmBQ/viewform | Form - 2:* https://forms.gle/xyma9rTgmAxSXLscA | Application Deadline:* 17th May, 11:59 PM",,,
Campus Connect,,,,"* 2025, 2026",* All,"* All | Date:* 28th May 2024 to 31st May 2024(*Please note* its not a full day event) | Brief Overview of the session:-* | 1. *Introduction to Microsoft and its Culture*: Gain an understanding of Microsoft's mission, values, and culture, and learn about the company's commitment to innovation and inclusivity. | 2. *Technology Sessions*: Explore Microsoft's latest technologies and innovations through interactive sessions led by industry experts. Participants will have the chance to delve into the forefront of technology. | 3. *Insights on Various Roles*: Discover the diverse range of roles where the college graduates have joined Microsoft. From software engineering to product management, participants will gain insights into different career paths and the skills required to succeed. | 4. *Coffee Corner Session with Microsoft Recruiters*: This session aims to learn more about internship and full-time opportunities, recruitment processes, and tips for a successful resume in the application process. | Registration Form:* https://forms.office.com/r/M3LFTK467G",,,"https://forms.gle/FT1W7fbL7J56644q9 | Deadline:* 22 May 2024, 2359 HRS | Note:* | Both the forms must be filled."
Fischer Jordan,,,,,,,,,
HackOn with Amazon,,,,,,,,,"* https://forms.gle/oRWo8smAEEcC4PJq8 | What's in it for you?* | Prizes worth: 2.25 lacs and SWAGs | Opportunity to experience 'A Day at Amazon' for Grand Finale winner | Get mentored by industry tech experts | Solve real-world business problems | See you at HackOn with Amazon (S4)! Ready, Set, Code! 🚀"
Thoughtworks Hiring Challenge - 2024,,,,* All,* All,* All | Prizes:* 11.10LPA PPO offer | Steps*: | (1) Register for the Contest by   providing the necessary details. | (2) Participate in the Coding Challenge on 1st June 2024 at 5 PM. | (3) You will receive a notification about the next steps from Thoughtworks if you make it to the list of top-performing participants. | Registration Link*: https://www.naukri.com/campus/contests/hiring-challenge-for-graduate-application-developer-from-thoughtworks-hiring-challenge-thoughtworks-event-31661,,,"* https://forms.gle/CBgiRxMrWyLCKFhi9 | Deadline*: 11.59PM, May 31 | Note:* It is mandatory to fill both the forms to become eligible for this opportunity."
Danieli InnovAction Meeting-2024,,,,* All,* All,"* All | Meeting Date:* 28th and 29th May 2024 | Registration Form:* https://forms.gle/4gmRuT9Sb47R9iHs7 | Meeting Joining Link:* https://sites.google.com/view/dim-2024/home#h.cb9swj42vvu6 | Deadline*: 11.59pm, 26th May 2024",,,
Tata Steel,,,,,,,,,
Microsoft,,,,,,,,,
Microsoft,,,,,,,,,
Microsoft,,,,,,,,,
Sector Preference,,,,,,,,,
OA Shortlists,,,,,,,,,
Amazon ML Summer School,,,,,,,,,
ETS India TOEFL championship,,,,"* 2025,2026","* B.Tech,Dual,Int Msc",* All,,,https://bit.ly/4bJGsIn | Registration link:* https://forms.gle/XE9GGEvEgEHBrMB66 | Rewards:* | 1st round winner: Prize money upto INR 4 Lakhs | 2nd round winner:Prize money upto INR 11Lakhs & Scholarship to study abroad | Deadline:* 10th June 2024
ACCENTURE,,,,"* All | Date:* June 20, 2024 (Thursday) | Time:* 10:00 AM | Mode:* Online | Registration Link:* _https://accntu.re/4dQiVr1_",* All,* All,,,"* _https://forms.gle/v5oVYehHvhwWT9ZT7_ | Maximum participation is expected , as it would ensure Accenture visiting the campus for Placements & Internships.*"
Myntra,,,,,,"* All | Rewards:* | 1. Winners: INR 4,00,000/- | 2. Pre-Placement Interview (PPI) opportunities for teams that make it to pre-finale.",,,"* https://unstop.com/hackathons/myntra-hackerramp-weforshe-2024-myntra-1025692?ref=VcwskWkW | Registration Link:* https://forms.gle/u1W3xwtaULeCxDzS8 | Deadline:* 23 Jun 24, 11:59 PM | 1. All eligible candidates must apply for this opportunity. It will ensure Myntra visiting our campus for placement and internship. | 2. It is mandatory to fill up both the forms."
TATA STEEL,,,,,,,,,
Shell.ai Hackathon,,,,* All,*  All,* All,,,"* https://www.hackerearth.com/challenges/new/competitive/shellai-hackathon-2024/ | Registration form:* https://forms.gle/wVv3juN1uHBX6BNQ7 | Rewards & Prizes:* | > Winner - 2,500 USD | > 1st runner-up - 2,200 USD | > 2nd runner-up - 2,000 USD | > Winner - 1,500 USD | > Runner-up - 1,000 USD | For more info,Visit :* https://www.shell.com/hackathon | Deadline:* July 01, 2024, 12:30 PM"
Amazon WoW (Women of the World),,,,,,,,,
AAKRUTI Global 2024,,,,* All,* All,"* All | Meeting link:* https://3ds.zoom.us/webinar/register/WN_U8aIzvwnTziGyhmfzCLRpw | Date:* 15th June, 05:30 PM",,,
AlgoUniversity,,,,,,,,,
Soul AI,,,* $10-$20 per hour,"* 2024, 2025, 2026, 2027 | Mode:* Online | Expected Time Commitments:* 5-6 hours a day | Registration Link:* https://app.soulhq.ai/?campus=nitrourkela | Fill Form:* https://forms.gle/YcLR8Ts2amrnf5sN9 | Deadline:* Saturday, 22 June 2024, 11:59 PM | Process* | Mandatory online test. | Shortlisting | Details of the work* | A project where you will assist in training, fine-tuning, and conversing with state-of-the-art large language models (LLMs).","* Btech, Mtech, Dual, PhD, MA, Int.M.Sc., M.Sc.",* All,,,
De Shaw,,,* 1.5 LPM + accommodation,* 2026,"* BTech, Int. Msc, Dual","* CS, EC, EI, EE, MA, minors in above branches | Eligibility Criteria:* | CGPA>=7 | No active backlogs | Registration Form:* | https://www.deshawindia.com/recruit/jobs/Oncampus/NITRourkela/TechInternSDEJune24",,,"https://forms.gle/2As7MwML78ckBJBC7 | Deadline:* 11:59 PM, 25th June | Note:* Must fill both Registration and Application form"
De Shaw,,,,,,,,,
Placement Registration,,,,,,,,,
KIMO,,,,* All,* All,* All,,,*  https://ln.run/4Pj8m | Registration form:* https://kimo.ai/competitions?direct_link_code=LNORIR&cn=NIT%20Rourkela | Deadline:* 1 JULY 2024 11:59PM IST | Rewards & Prizes:* | Certificate of appreciation | Goodies | Amazon voucher worth up to 2500 INR
Adobe GenSolve - Innovate to Impact,,,,,,,,,
Tata Steel,,,,,,,,,
De Shaw,,,,,,,,,
InnoVent 2024,,,,"* 2025, 2026 | Stages:* | Stage 1 - Project registration | Stage 2 - Virtual POC presentation | Stage 3 - Final Demo Day | Prizes:* | 1st Prize – INR 300,000 | 2nd Prize – INR 100,000 | 3rd Prize – INR 50,000 | Paid internship opportunities for all top teams. | Website Link:* https://www.tatatechnologies.com/in/innovent/ | Rules and Regulations:* https://www.tatatechnologies.com/in/tata-technologies-innovent-rules-and-regulations/ | Registration Form:* https://forms.gle/2K22kguQueDmaDWj8","* B. Tech, Dual",* All,,,"* https://shorturl.at/kN0uv | Deadline:* 11:59pm, 31st July 2024"
Important,,,,,,,,,
De Shaw,,,,,,,,,
De Shaw,,,,,,,,,
Flipkart GRiD 6.0,,,,,,,,,"https://forms.gle/MtT4hEhvSfvvC52t8 | Note:* Everyone must register, This will highly increase the chances of flipkart visiting our institute."
Salesforce,,,"* 1.5 LPM | CTC (on conversion):* 18 LPA (Fixed) + 4,00,000 Joining bonus+ $25000 RSU+ Relocation support+Free food at | office+Other benefits",* 2026,* BTech,* All | Eligiblity Criteria:* | CGPA>=7 | No active backlogs,,,"https://forms.gle/miQ5yGX8BUfz7JSN6 | Deadline:* 11:59 PM, 13th July"
Ola Electric,,,,,* All,"* All | Registration Link :* https://forms.gle/RtLF4Ntipomce7H57 | Deadline : Today , 11.59PM",,,
TVS Credit E.P.I.C Season 6,,,,"* 2025, 2026","* B. Tech, M. Tech, Dual, Int. MSc (only MA)",* All,,,* https://unstop.com/competitions/tvs-credit-epic-60-analytics-challenge-epic-season-6-tvs-credit-1067484 | Registration link:* https://forms.gle/XxyVZdecr87N3FzaA | Note:* _Filling both the forms is mandatory_ | Deadline:* 07/08/2024 | This is an awesome opportunity for students to have a brand on their CV & work with a company with a legacy of 100 years.
TVS Credit E.P.I.C Season 6,,,,"* 2025, 2026","* B. Tech, M. Tech, Dual",* All,,,* https://unstop.com/competitions/tvs-credit-epic-60-it-challenge-epic-season-6-tvs-credit-1067496 | Registration link:* https://forms.gle/nXHRzxVYMkL1i3eC7 (All team members must fill this form individually) | Note:* _Filling both the forms is mandatory_ | Deadline:* 07/08/2024
Pixel Perfect,,,,* All | Benefits:* The winner secures an internship and a chance at a Full-time job with DS Group.,* All,* All,,,"*  https://docs.google.com/forms/d/e/1FAIpQLScUwD8K7RSGcHWOKSsj9wb7KBYjd2CeGbNzxBiy8u6pEgsIdw/viewform | Registration Link*: https://docs.google.com/forms/d/1sGZwdCd4ApkZO19C3KokUQMaYtat66xZfpFRzd1nmOk/edit | Registration Deadline:* 18th July, 11:59 PM"
Placement Registration,,,,,,,,,
Big Idea Tech Design Competition,,,,"* 2025, 2026 | Team Size:* 1-3 Members | Rewards:* | Winner: Rs. 1.5 Lakhs | 1st Runner-Up: Rs. 75,000 | 2nd Runner-Up: Rs. 50,000 | Special Jury 1: Rs. 10,000 | Special Jury 2: Rs. 10,000 | The Finalists will be eligible for interview opportunities for the Internship Program or full-time employment/positions, both subject to existing vacancies.. | Registration Fees:* Rs. 500 per team | Registration Link:* https://www.vguard.in/bigideatech/index",* B. Tech,* All,,,"* https://forms.gle/6DME1XbAoJ1WBAiQ9 | Deadline:* 2:00 PM, 14th August 2024 | Note:*"
Trilogy Innovations (Formerly known as Codenation),,,,,,,,,
Fischer Jordan,,,* 20 KPM,"* 2026, 2025",* B.Tech,"* All | Duration of Internship:* 1 year (students should be comfortable interning during college days) | Expected Time Commitment:* 20 hours/week | Registration Link:* (Students should fill both the forms) | Form - 1:* https://docs.google.com/forms/d/e/1FAIpQLSfHOIZRIqEREYqxMUVTfsYspN-IJQFouRzNq6XIyY8Tnn9eqA/viewform | Form - 2:* https://forms.gle/vfmizAvshhspW7ef7 | Note: Those who applied for the part-time internship opportunity at Fischer Jordan last year are not eligible to apply for this opportunity.* | Application Deadline:* 23rd July, 2:00 PM",,,
Cross Cultural Communication: Bridging Differences,,,,"* 2025, 2026",* All,"* All | Date:* 25th July, 2024 | Time:* 5:30 PM - 6:30 PM",,"* Virtual on Zoom | Registration Link:* https://tinyurl.com/2d36vxt6 | Deadline:* 4PM, 25th July | Note:* Everyone must register for the session, this will directly leads to the chances of ServiceNow visiting our college.",
HSBC India Business Case Programme (HIBCP),,,,"* 2025, 2026",* B.Tech,* All | Team Size:* 1-4 | Registration Link:* https://forms.gle/kSsd1WYYwWRYMxke8,,,"* https://docs.google.com/forms/d/e/1FAIpQLSchGGVVZSqA2JFToSzc2UyJ3cJqihG5GbrLjf6VURkGbNq_Lw/viewform | The HSBC India Business Case Programme offers:* | Workshops to boost case study skills. | Real-time simulation for strategy and finance. | Industry professional interactions.⁠ | Up to USD 10,000 in prizes and free courses for national finalists. | Note:* Everyone must register for the session, this will directly leads to the chances of HSBC visiting our college. | Deadline:* Apply as soon as possible."
Energy Quest,,,,"* 2025, 2026",* B.Tech,* All | Team Size:* 1 | Levels & Rounds:* | Online Assessment | Domain Assessment | Prizes:* | Winner: INR 25K + gifts | 1st Runner-Up: INR 15K + gifts | 2nd Runner-Up: INR 11K + gifts | 4th – 20th Rank holder: Cash prize of Rs 3000 for each participant. | Registration Form:* | https://xathon.mettl.com/event/Energy-quest,,,"* https://forms.gle/phNu9UVJ8UPd5mi9A | Deadline:* 20th Aug 2024, 22:00 | Note:* | 1. It is mandatory to fill out both forms. | 2. Direct Entry to interview/GD at the time of the Campus Hiring Drive for Winners and Runners."
Trilogy,,,,,,,,,
Trilogy,,,,,,,,,
ACCENTURE,,,,,,,,,
Accenture,,,,,,,,,
UiPath,,,"*  1,50,000 INR / Month (+1,00,000 INR Relocation) | Job Location:* Bangalore/Hyderabad | Eligibility Criteria:* | CGPA: >=7.00 | Gender: Female | Deadline:*  11:59 PM, 15th August 2024 | Tentative OT Date:* 20th August 2024 | Registration Form:* https://forms.gle/zuBZDUEqGTFbH5s57 | No backlog restriction, but all backlogs must be cleared before starting the internship. | Refer to the attached JD for more details.",* 2026,* B.Tech,* All,,,
Myntra,,,,* All | Registration Link:* https://zoom.us/webinar/register/WN_Tt49n1mBR8i_TuEctlvH4g#/registration,* All,* All,,,"* https://forms.gle/GF9MVHJUzKtecq7Y7 | Complete this form to be eligible for a day at Myntra: https://forms.gle/kMXC1mxMf19s7qE18 | Deadline:* 18th Aug, 5 PM"
Goldman Sachs,,,* 1.5 LPM | CTC on conversion:* 36.5 LPA,* 2026 | Registration Link:* | https://hdpc.fa.us2.oraclecloud.com/hcmUI/CandidateExperience/en/sites/CampusHiring/job/135078/?utm_medium=jobshare,"* B.Tech, M.Tech, Dual Degree, Int. MSc., MSc.",* All,,,https://forms.gle/wnXiHFgaLGq4aw9t7 | Deadline:* 20th Aug 2024 | Note:*
UiPath,,,,,,,,,
UiPath,,,,,,,,,
Cisco,,,"* 98 KPM(Bachelors), 1.21 LPM(Masters)",* 2026 | Eligibility Criteria:* No active backlogs. | Registration Link:* | https://jobs.cisco.com/jobs/IsAJob?projectId=1421663&source=Cisco+Jobs+Career+Site,"* B.Tech, M.Tech, Dual, Int. MSc., MSc.",* All,,,"https://forms.gle/X6AcrM5HfCjQwDek9 | Deadline:* 11:59 PM, 23rd Aug 2024 | Note:* Students must submit both registration and application form."
UiPath,,,,,,,,,
Sedemac Mechatronics,,,,"* 2025, 2026",* All,* All | Note:* | 1. The link will be shared tomorrow. | 2. All the candidates must join the PPT session promptly in order to maximize the recruitment from our campus. | 3. Failure to attend will lead to loss of candidature for the eligible students.,,,
Accenture,,,* 50K per month | Eligibility:* | No Active Backlogs and UR allowed,* 2026,"* B.Tech, Dual Degree",* All,,,"* https://forms.gle/gQCJ5ftEhmLAjTDH7 | Registration link:* https://indiacampus.accenture.com/register/accenture/AEHINT25t1c/apply/?event=603524&job=527210 | Application Deadline:*  25 August 2024, 11:59 PM | Note:* | It's mandatory to fill in both the registration links, failing which you won't be able to proceed in the process. | A valid PAN is mandatory to take part in the process. | PFB the entire process details."
Meesho DICE Challenge,,,,"* 2025, 2026 | Team Size:* 1-3 Members | Perks:* | 1. Winner: Rs. 1,00,000. | 2. Runner-up: Rs. 50,000. | 3. Pre-Placement Interviews (PPIs) for top team. | Registration Link:*  https://forms.gle/QKAurCxwqbMKmfPd9","* BTech, MTech, Dual Degree, Int MSc, Msc",* All,,,"Tech Track:* https://unstop.com/competitions/meesho-dice-challenge-tech-track-meesho-dice-challenge-meesho-1135350 | Business Track:* https://unstop.com/competitions/meesho-dice-challenge-business-track-meesho-dice-challenge-meesho-1135454 | Deadline:* 2nd September,2024, 10:59 PM | Note:* | 1. It is mandatory to fill both the form to be eligible for the opportunity | 2. There are two tracks. Teams can participate in all of them."
Accenture,,,,,,,,,
Cisco,,,,,,,,,
AB InBev,,,"* Rs 60,000 per month | Selection Process:* | 1.⁠ ⁠Pre- Placement Talk | 2.⁠ ⁠Resume Shortlisting | 3.⁠ ⁠Online Test | 4.⁠ ⁠Group Discussion | 5.⁠ ⁠Personal Interview","* 2026 | Eligibility Criteria:* | 1. 60% & above throughout academic career(CGPA>= 6) | 2. No active backlogs allowed. | Deadline:* 10 AM , 31th August 2024","* B.Tech, Int Msc","* EC, EI, EE, ME, CH, CE, FP, ID, MM, MA, CY",,,"* https://forms.gle/NsWQtbshTBMawh9A9 | Note* Please note the short deadline, which will not be extended under any circumstances."
Accenture,,,,,,,,,
Accenture,,,,,,,,,
Accenture,,,,,,,,,
Accenture,,,,,,,,,
Accenture,,,,,,,,,
Cisco,,,,,,,,,
Cisco,,,,,,,,,
Accenture,,,,,,,,,
Accenture,,,,,,,,,
Accenture,,,,,,,,,
Tata Consultancy Services (TCS),,,,"* 2025, 2026",* All,* All | Date:* 6th Sept | Time:* 9 AM | Venue:* BBA | Dress Code:* Formal | Note:* | Attendance at the session is mandatory for everyone.,,,
AB InBev,,,,,,,,,
Fractal Analytics,,,,,,,,,
AB InBev,,,,,,,,,
Cisco,,,,,,,,,
AB InBev,,,,,,,,,
Decimal Point Analytics,,,* 35 KPM | CTC on PPO Conversion:* 19 LPA,* 2026,* B.Tech,* All | Duration:* 8 weeks | Eligibility:* | 10th + 12th Percentage >=175% | CGPA >= 7.5 | Selection Process:* | Resume Shortlisting | Virtual Assessment | Personal Interview,,,"* https://forms.gle/85867mLa2Mbpozur5 | Deadline:* 11:59PM, 12th September 2024 | Keep the short Deadline in mind and prepare your CV according to the job profile."
Nation With Namo,,,* 1.75L (Fixed- 50k/month + deployment expense- 1.25L),* 2026,"* BTech, Dual Degree, Int MSc",* All | Other Eligibility:* CGPA>=7 | Selection Process:* | 1. Resume Shortlisting | 2. Personal Interview,,,"* https://forms.gle/B61jw73p5NUG3H6F6 | Deadline:* 11:59PM, 12th September 2024 | Note:* | For further information refer to the JD attached."
Decimal Point Analytics,,,,,,,,,
DESIS Ascend Educare mentorship program,,,,"* 2026, 2027","* BTech, MTech, Dual",* All | Eligibility Criteria:* Women Only,,,"* https://www.deshaw.com/forms/OTc0RTc2ODQtNTdERS00QUQ0LUJERDEtRUIwNDkwQkYzN0M4 | Registration Link:* https://forms.gle/rz5tF7TtD1XmXJx29 | Deadline:* 11:59 PM, 13th Sept | Note:* | 1.* Must complete both the | Application and Registration forms. | 2.* Upon completion of the program, students will have the opportunity to participate in pre-placement interviews for Internship/FTE roles, based on business needs and their performance during the six-month mentorship program."
Licious,,,* 40 KPM,* 2026,"* B.Tech, MBA(Operations)","* ALL | Eligibility Criteria:* | 1) CGPA >= 7 | 2) Students from CE,MM,MN, CR, ID, BM, BT, FP who are having a strong background/Work experience in the above mentioned roles are only eligible to fill. | Registration Link:* https://forms.gle/RSiM1tGAGPGgYL9V7 | Application Deadline:* 14th Sept, 11:59 PM",,,
Nation with Namo*,,,,,,,,,
Exceed 3.0,,,,* All,* All,"* All | Team Size:* 3-4 | Levels & Rounds:* | Abstracts Round | Mentor Round | Grand Finale | Prizes:* | Gold Award: INR 100K | Silver Award: INR 75K | Bronze Award: INR 50K | Registration Form:* | https://www.wabtecexceed.hirepro.in/registration.php | Deadline:* 22nd Sept, 2024",,,
Teledge Solutions Pvt. Ltd.,,,,,"* All | Batch:* 2025, 2026 | Venue:* TIIR Auditorium | Note:* | Attendance is mandatory. | Students who fail to be present will face strict consequences, including the possibility of being banned from the remainder of the placement season.",* All,,,
Licious,,,,,,,,,
Nation With Namo,,,,* 2026 | Instructions:* | 1. Login 10 minutes before the mentioned time. | 2. Join via Computer. | 3. It is mandatory for all the registered candidates to join the meeting. Failing to which the candidature will be cancelled. | 4. Attendance will be noted and leaves will be provided.,"* BTech, Dual, Int MSc",* All,,,
Nation with Namo,,,,,,,,,
Nation With Namo,,,,,,,,,
Decimal Point Analytics,,,,,,,,,
Accenture,,,,,,,,,
Nation with Namo,,,,,,,,,
Nation with Namo,,,,,,,,,
AB InBev,,,,* 2026,"* B.Tech, Int Msc","* EC, EI, EE, ME, CH, CE, FP, ID, MM, MA, CY | Date:* 24th Sept | Mode:* Online | Important Note:* | Attendance is mandatory for all. Not attending the PPT will lead to the cancellation of your candidature. Shortlists will be announced immediately after the session, followed by GD and interviews for shortlisted candidates. So, be prepared accordingly. | We will update you about the PPT timings.",,,
AB InBev,,,,,,,,,
AB InBev,,,,,,,,,
ServiceNow,,,,"* 2025, 2026",* All,* All | Date:* 26th September 2024 | Time:* 5:30 PM IST - 6:30 PM IST,,* Virtual on Zoom | Registration Link:* https://talent.servicenow.com/flows/after-hours-2024-no-codelow-code-platforms--empowering-the-budding-technical-developer-yxsgkftvy | Note:* | All eligible students must register for this opportunity to increase the likelihood of ServiceNow visiting our campus this year.,
Luminous Power Technologies,,,,"* 2025, 2026","* B.tech, M.tech, Dual",* All | Prizes:* | 1. Cash prize pool of 3 Lakh. | 2. FTE opportunity with compensation upto 12 LPA. | 3. Internship opportunity with stipend of 50KPM.,,,"* https://forms.gle/R6S4sGChKRSEQMrb6 | Deadline:* 11:59pm,25th Sept | Note:* Apply ASAP keeping in mind the short deadline. Participation in the event will greatly influence Luminous Power Technologies visiting our institute."
TCS R&I,,,,"* 2025, 2026",* All,"* All | Date:* 30th September, 2024 | Time:* 3:45 PM | Venue:* Virtual | Link:* https://teams.microsoft.com/l/meetup-join/19%3ameeting_MjhkOGZjNGYtYmFhZC00NWMwLWEyZDYtMDc4YzQwMTBkNWQz%40thread.v2/0?context=%7B%22Tid%22%3A%22404b1967-6507-45ab-8a6d-7374a3f478be%22%2C%22Oid%22%3A%2222ee56d3-1119-48c1-9675-65c719b98630%22%2C%22IsBroadcastMeeting%22%3Atrue%2C%22role%22%3A%22a%22%7D&btype=a&role=a",,,
Nation With Namo,,,,,,,,,
Dassault Systemes,,,,,"* B.Tech, M.Tech, Dual degree",* All | Registration link:* https://3ds.zoom.us/webinar/register/WN_uG14lQtGQk-v1YArDVmcBw | Meeting ID:* 862 1158 1342 | Passcode:* 085851,,,
Visual Taxonomy,,,,* All,* All,* All | Perks:* | 1st Prize: INR 2 Lakh | 2nd Prize: INR 1.5 Lakh | 3rd Prize: INR 0.5 Lakh | Registration Link:* | https://forms.gle/XQvU9uWfUP7EcLAw5,,,"* https://forms.gle/YeCUat8cPZeahTry8 | Deadline:* 30th October, 2024 | Find more information at: | https://cods-comad.in/attribute-prediction.php | 07/10/24, 14:39 - ~ Abhilash Nayak added +91 63728 89119"
Licious,,,,,,,,,
L'Oréal,,* ₹ 28 LPA for final year students | Registration link:* https://bit.ly/loreal-sustainability-challenge-2024,* ₹ 80K - 1.6L per month for pre-final year,"* 2025, 2026",* All,* All | Team Size:* 3 members (exactly) | Perks:* | All Finalists and Semi-Finalists stand a chance to receive pre-placement interviews (PPIs),,,"* https://forms.gle/mu12hq1SPBfQh9WR8 | Deadline:* 28th October, 11:59 PM | Note:*"
Cisco,,,,,,,,,
Saras AI,,,* 60KPM,* 2026,"* B.Tech, Dual",* All,,* Gurugram | Eligibility:* | No active backlogs and URs | Selection Process:* | Resume Shortlisting | Virtual Assessment | Final Interview,"* https://forms.gle/6BK2tdLEJbqrR1sj7 | Deadline:* 11:59PM, 11th October 2024 | Keep the short Deadline in mind and prepare your CV according to your applied job role."
Saras AI,,,,* 2026,* B.Tech and Dual,"* All | Registration Link:* https://docs.google.com/forms/d/e/1FAIpQLSc2sj0MGDTBcDwEDYF7YctbyrQiYQZ90Bj9i5h4LRpLNod-Ug/viewform | Cracking the ATS Code-2024 will help the students to craft a resume for best ATS score by highlighting the tech skills and understanding employer expectations.* | Deadline:* 11:59PM, 16th October 2024 | Every student applying for this opportunity must fill out the registration form so that they can prepare their resume accordingly.",,,
Cisco,,,,"* 2025, 2026 | Registration Link:* | https://forms.office.com/pages/responsepage.aspx?id=Yq_hWgWVl0CmmsFVPveEDv0b62947PNCq9Qu1rEeqrlURU1URVVFQ0RJRUlWM0xBWTIzUjE0VlNaQS4u&route=shorturl | Deadline:* 10 AM, 15th Oct 2024",* All(Only female candidates),* All,,,
Decimal Point Analytics,,,,,,,,,
L&T Technology Service,,,,"* 2025, 2026",* All,"* All | Registration Link:* https://ltts.techgium.com/ | Unique Institute Code:* ODSUNDE6150463 | Note:* | 1st Prize:* ₹ 10 Lakhs INR | 2nd Prize:* ₹ 5 Lakhs INR | 3rd Prize:* ₹ 3 Lakhs INR | Apart from the awards and prizes for the winners, all the participants presenting in the POC demonstration round of this competition will be called for *Pre-Placement process at LTTS.*",,,
Licious,,,,,,,,,
Energy Transition Hackathon,,,,"* All | Cash Prize:* | Top 12 winners will get a chance to win cash prize of 6 lakhs | 1st Prize - Rs 3 Lakh | 2nd Prize - Rs 2 lakh | 3rd Prize - Rs 1 Lakh | Top performers can get a FTE or internship opportunity.* | Registration Link:* https://hackathon.mercuria.com/india-2024/ | Deadline:* October 21st, 2024",* All,* All,,,
ICICI Bank,,,,,,,,,
FINTECH GLOBAL CENTER PRIVATE LIMITED,* Software Engineer,,* 25 KPM (Remote) | Eligble Batch:* 2026,,* All,"* All | Eligibility Criteria:* CGPA>=7 | Selection Process:* | 1. Pre-Placement Talk | 2. Resume Shortlisting | 3. ⁠Online Test | 4. ⁠Personal Interview | Registration Link:* https://forms.gle/FGxHmPPEcYZZgnKL9 | Application Deadline:* 27th October, 11:59 PM | KEEP A NOTE OF THE SHORT DEADLINE*",,,
FINTECH GLOBAL CENTER PRIVATE LIMITED,,,,"* 2025 & 2026 | Eligible Courses and Branches:* ALL | Instructions for all rounds*: | 1. *Only students who attend the PPT will be considered for the OT today.* | 2. *Keep your camera on at all times with your face visible.* | 3. Use your full name as per your resume (no nicknames). | 4. *Join 5 minutes* early; the host will admit you when ready. | 5. Ensure a stable internet connection and stay in a quiet, distraction-free environment. | 6. Use a laptop or tablet—no mobile login allowed. | 7. Mute audio unless speaking. | 8. Contact your placement coordinator if you have questions.",,,,,
FINTECH GLOBAL,,,,,,,,,
EY Techathon 5.0,,,,"* 2025, 2026",* All,"* All | Rewards:* | 1. Winner – Prizes worth INR 3,00,000 | 2. Runner-Up – Prizes worth INR 2,00,000 | 3. Internship opportunities with EY | 4. Mentoring with EY and industry stalwarts | 5. Participation Certificates | Registration Link:* https://unstop.com/competitions/ey-techathon-50-ey-1153249?ref=E2v1XJqb",,,
Reliance Industries Limited,,,"* Rs. 30,000/- month | Eligible Course* : B.Tech | Eligible Batches* : 2026",,,"* CH, ME, CE, MM, EE, EI, CS | Eligibility Criteria:* | 1.⁠ ⁠A minimum score of 60% in both 10th and 12th standards, and a CGPA of 6.0 or above in graduation. | 2.⁠ ⁠The candidate must:  i. Have no active backlogs.  ii. Complete their engineering degree within 4 years, without any detention. | Perks/Benefits:* | 1. Travel expenses upto 2nd AC Rail fare/ or equivalent for shortest route available from Home/College to the allocated site | 2. Accommodation will be provided depending on the Business location | Duration* - 8 weeks, i.e. In the month of May – July",,,"* https://forms.gle/CnwNG9RCNKRgHsXh6 | Application Deadline:* 3rd Nov 2024, 11:59 PM"
Jazzee Technologies,,,,"* 2025, 2026 | Registration Form:* | https://forms.gle/WUZNpo9QGLozcuZp8 | Deadline:* 11:59 PM, 6th Nov 2024",* All,* All,,,
Skilled Sapiens,,* 10 LPA + 1 LPA for each year of experience (for prior *work experience students* ),* 10 KPM (Work from home),* 2026,"* BTech, MTech, Dual, Int. MSc, MBA, MA",* All | Selection Process:* | 1. Resume Shortlisting | 2. Personal Interview,,,"* https://forms.gle/6Kg4G475P3NwJKfj6 | Deadline:* 11:59 PM, 10th Nov."
Bajaj Auto credit Limited(BACL),,,"* 29,500 KPM",* 2026,"* B.Tech, Dual, Int. MSc.","* All | Eligibility:* | No active backlogs. | Registration Form:* https://forms.gle/NQDeuNAnZBMWcHXv8 | Deadline:* 11:59 AM, 7th November 2024",,,
Saint Gobain,,,,,,,,,
ICICI BANK,,,,,,,,,
Reliance Industries Limited,,,,,,,,,
Reliance Industries Limited,,,,,,,,,
Reliance Industries Limited,,,,,,,,,
Fintech Global Center,,,,,,,,,
Husk Power System,,,,* 2026,"* B.Tech, Dual | Eligible Branches* : ALL | Eligibility* : No Active Backlogs",,,,"* https://forms.gle/dYRY9wrqd9XyeUWc6 | Deadline* : 11 AM , 13th November 2024 | Note:* Keep a note of the short deadline"
Hero MotoCorp Ltd,,,,* 2026,"* B. Tech | Eligible Branches* : ME, CH, CE, CS, ID, MM | Eligibility* : CGPA >= 6",,,,"* https://forms.gle/GDqFMfbB54cqep1C6 | Deadline* : 11:59 PM , 13th November 2024 (Today) | Note:* _Keep a note of the short deadline_"
Husk Power System,,,,,,,,,
Cairn Oil & Gas,,,"* Rs. 30,000/- month | Eligible Course* : B.Tech | Eligible Batches* : 2026",,,"* ME, MM | Duration* 2 Months",,,"* https://forms.gle/2pmGkfnTA3YYUv4n9 | Application Deadline:* 18th Nov 11:59 PM, 2024"
Cairn Oil & Gas,,,"* Rs. 30,000/- month | Eligible Course* : B.Tech | Eligible Batches* : 2026",,,"* ME, MM | Duration* 2 Months",,,"* https://forms.gle/2pmGkfnTA3YYUv4n9 | Application Deadline:* 18th Nov 11:59 PM, 2024"
Cairn Oil & Gas,,,,,,,,,
Cairn Oil and Gas,,,,,,,,,
Saras AI,,,,,,,,,
Fractal Analytics,,,"* 30,000",* 2026,"* B.Tech, Dual",* All,,"* Bangalore | Duration:* 2 months (May/June) | Eligibility Criteria:* | CGPA >= 7 | ⁠No active Backlog | Registration Link:* https://forms.gle/wzPXxmTPUD9nijC27 | Deadline:* 03:00 PM, 05 December",
Fractal Analytics,,,,,,,,,
Algo University,,,1. 80k- 1LPM | 2. 30KPM | CTC on PPO conversion:* 10- 22 LPA,* 2026,"* BTech, Dual","* All | Form 1:* https://ng.tinyc.co/graphs-camp-nitrkl | Form 2:* https://forms.gle/qdk2kRbYYjEHofTX7 | Deadline:*  11:59 PM ,6th Dec | Fill both the Form 1 and 2, else your candidature will be cancelled. | Refer to the JDs for more details.",,,
Fractal Analytics,,,,,,,,,
Fractal Analytics,,,,,,,,,
Fractal Analytics,,,,,,,,,
Fractal Analytics,,,,,,,,,
Skilled Sapiens,,,,,,,,,
Bajaj Auto credit Ltd,,,,,,,,,
Fractal Analytics,,,,,,,,,
Skilled Sapiens,,,,,,,,,
AlgoUniversity,,,,,,,,,
Fractal Analytics,,,,,,,,,
Skilled Sapiens,,,,,,,,,
Nation Building Case Study Competition,,,,"* 2025, 2026, 2027 | Prizes:* Rs 18Lakh (Placement and Internship opportunities, Cash Prizes, Macbooks, iPads, and merchandise.) | Webinar Registration Link:* https://docs.google.com/forms/d/e/1FAIpQLSdvVTDPpKHslzonlNwMbQTLzhEbJs9nz5S1BlbECmYdqJ17DA/viewform | Webinar Link:* https://inverv.zoom.us/j/7777492485?pwd=eHNFN002RXlQWXpjTm9DcjZZM0s2QT09&_x_zm_rtaid=w5nKpmRYRNaLjqCYKL38wg.1732519058112.84cb487ff73dec1b51da4acbf1ae6fa1&_x_zm_rhtaid=111#success | Passcode:* 489268 | Date:* 11th December 2024 | Time:* 4:00PM- 5:00PM | Deadline:* 11:59AM, 11th December | 2. All the students should rename themselves as Name_NITR | 3. Keep the camera on throughout the presentation and interact with the team. | 4. Register yourself at the portal, keep the short deadline in mind.",* BTech,* All,,,
Nation Building Case Study Competition,,,,"* 2025, 2026, 2027 | Prizes:* Rs 18Lakh (Placement and Internship opportunities, Cash Prizes, Macbooks, iPads, and merchandise.) | Website Registration Link:* www.nationbuildingindia.org",* BTech,* All,,,"* https://forms.gle/8Ctyy6SxsL8JoGMv5 | Deadline:* 11:59PM, 12th December"
Jindal Stainless Limited (JSL),,,* 25 KPM,* 2026,* B.Tech,"* EE, ME, MM",,* PAN India | Eligibility:* | 65% or equivalent CGPA in 10th and 12th. | No active backlogs and URs | CGPA should be greater than or equal to 6.5 | Should not have more than 1 year gap between two consecutive academics | Selection Process:* | Aptitude Test | Domain knowledge Test | Group Discussion | Technical Interview,"* https://docs.google.com/forms/d/e/1FAIpQLSfnv45bI9dfDkoHHYKvuO-kHXaFbF5OD_qrRLrW9SB4doc8jQ/viewform | Registration Link:* https://forms.gle/2PnqdBDTXLmVV8KB7 | Deadline:* 11:59PM, 13th December 2024 | Keep the short Deadline in mind and fill both the forms to become eligible for this opportunity. <This message was edited>"
Fractal Analytics,,,,,,,,,
Jiyonwall,,,,,"* B.Tech, Dual, Int. MSc., B.Arch, MBA","* All | Registration Link:* https://forms.gle/tNK21UdhsK8vsRJY6 | Deadline:* 11:59 PM, 14th December 2024 | Keep the short deadline in mind",,,
JSL,,,,,,,,,
CognitiveView,,,"* 15-20K(Performance Based) | Deadline:* 18th December, 2024, 11:59 PM | Registration Link:* https://forms.gle/poKHRsGBoAX6RqFX7 | Note* | 1. There will be resume shortlisting before the interviews so all the candidates must take into consideration relevant skills and experiences for their resume. <This message was edited>",* 2026,"* B. Tech, Dual,  M. Tech, Int M. Sc.",* All,,,
Amdocs,,,,"* 2025,2026,2027","* B.Tech., M.Tech.",* All | Process:* | 1. Programming Round | 2. Ideation and Prototype Submission Round | 3. Onsite Presentation Round | Prizes:* | 1. Winner - 1 lakh | 2. 1st Runner Up - 60k | 3. 2nd Runner Up - 25k | Registration Link:* https://www.hackerearth.com/challenges/new/competitive/amdocs-genai-graduate-hackathon-2024/,,,"* https://forms.gle/teqRTcu6bXXm6Y1t7 | Deadline:* 11:59 PM, Dec 29, 2024"
Amdocs,,,,"* 2025, 2026, 2027","* B.Tech., M.Tech.","* All | Date:* 20th Dec, 2024 | Time:* 5:30 PM | Link:* https://hackerearth.zoom.us/j/89400193231",,,
JSL,,,,,,,,,
Edu-versity,* Business Development Executive,,"* 30 KPM (Rs. 15,000 Fixed + Rs. 15,000 Incentives) | Duration:* 2 Months",* 2026,"* B. Tech, M. Tech, Dual, Int. MSc., MSc., MBA, MA, B. Arch",* All,,"* Bangalore | Registration Form:* | https://forms.gle/rG2Yn7VJTmJ8j9KA8 | Deadline:* 11:00 AM, 23rd December 2024",
Jiyonwall Private Limited,,,,,,,,,
Placement Registration,,,,,,,,,
Placement Committee,,,,,,,,,
Godrej Consumer Products,,,* 24 KPM,* 2026,"* B.Tech, Dual degree",* All | Eligibility:* | No active backlogs and URs,,* Remote (18 to 20 hours per week) | Selection Process:* | Resume Shortlisting | Technical Interview,"* https://forms.gle/Urfq9bgBi4t4phmd9 | Deadline:* 11:59PM, 6th January 2025 | 1. Proficiency in Power BI dashboard designing and strong understanding of data visualization will be adding a strong point to the Resume. | 2. Familiarization with SQL and Cloud for data extraction and integration will be required. | 3. Knowledge on supply chain concepts and complex data analysis calculations will be a plus. | 4. Keep the short Deadline in mind and prepare your Resume by referring to the provided JD."
Jiyonwall Pvt. Ltd,,,,,,,,,
Godrej Consumer Products,,,,,,,,,"* https://forms.gle/coeogVmwWXLm22Fi8 | Deadline:* 11:59PM, 6th January 2025 (Today)"
Piramal Foundation,,,,"* 2025, 2026",* All,"* All | Note: | 1. Everyone is advised to attend the session. Attendance will be recorded. | 2. Everyone must be dressed in formal attire and reach the venue sharp on time. Leaves would be provided for classes during the session, if necessary.",,,
Bosch Global Software Technologies,,,,,,,,,
Placement Committee 2025-26,,,,,,,,,
Placement / Internship Manual,,,,,,,,,
Godrej Consumer Products,,,,,,,,,
Placement Committee,,,,,,,,,
Godrej Consumer Products,,,,,,,,,
Road Safety Hackathon 2024,,,,,,,,,
Bureau of Indian Standards (BIS),,,,,,,,,
Jazzee Technologies,,,* 10-25 KPM,* 2026,* All,* All,,* Bhubaneswar,"* https://forms.gle/eiGRdsUwrGGhNjDKA | Deadline:* 11:59 PM, 30th January 2025 | Note:* | Candidates must go through the assignment docx attached below. | Further rounds will be considered based on the performance in the assignment. | Assignment:* | https://docs.google.com/document/d/1PFkfBFCoUS-WSJDHrdRGQxKhX5_3ByUBHIu86U-Q0kk/edit?tab=t.0#heading=h.g7zni03jls6s"
Differently Abled Candidates,,,,,,,,,
BNY,,,,"* 2025,2026,2027 | Eligibility:* Female Only | Prizes and Rewards:* | Winner - GV worth INR 75,000 | Runners Up - GV worth INR 45,000 each | Second Runners Up - GV worth INR 25,000 each | 10 Consolation Prizes: GV worth INR 10,000 each | Opportunity to secure a PPI | Registration Link:* https://tinyurl.com/bnycodedivas2025",* B.Tech,* All,,,"* https://forms.gle/4anCvJTpqasiLf919 | Deadline:* 20th Feb 2025,11:59 AM | NOTE:*"
Reliance Industries Limited,,,,,,,,,
Swiss Re,,,* 50 KPM,"* 2026 | Registration Link:* https://forms.gle/VDAHNwMs8YtBmigR7 | Deadline:* 11:59 PM, 29th Jan 2025",* B.Tech,"* All | Eligibilty Criteria:* | 1. CGPA>= 6.0 | 2. 10th, 12th>= 80%",,* Bangalore/Hyderabad,
Skilled Sapients,,,,,,,,,
Swiss Re,,,,,,,,,
Swiss Re,,,,,,,,,
Swiss Re,,,,,,,,,
Swiss Re,,,,,,,,,
HBCSE,,* 8 LPA | Duration:* 8 Weeks,* 15 KPM + Accomodation,* 2026,"* B. Tech, M. Tech, Dual, Int MSc, MSc","* All | Registration Form:* | https://forms.gle/48ZH7j21QmiEgasG7 | Deadline:* 11:59 PM, 5th February 2025 | Note:*",,,
Swiss Re,,,,,,,,,
TCS R&I,,,"1. BTech: 20 KPM | 2. MTech, Dual: 20 KPM | CTC (on conversion):* | 1. BTech: 9 LPA | 2. MTech, Dual: 11.5 LPA",* 2026,"* BTech, MTech, Dual",* All | Eligibility Criteria:* | CGPA >= 7.5 | No active backlogs,,,"* https://forms.gle/zXqFxxHs464RZpw58 | Deadline:* 11:59 PM, 8th Feb."
Bosch Global Software Technologies,,,,,,,,,
Jazzee Technologies,,,,,,,,,
Swiss Re,,,,,,,,,
Publicis Sapient,,,,* 2026,"* B Tech, Int. MSc., Dual","* All | Eligibility Criteria:* | PwD Only | Registration Form:* https://forms.gle/ULS2ukZyjS2xaewi9 | Deadline:* February 20 2025, 11:59 *PM*(Today) | Refer to the JD attached. | Keep in mind the short deadline.",,,
Jiyonwall Pvt. Ltd,,,,,,,,,
Helium Consulting,,,* 10 KPM,* 2026,* B. Tech,"* All | Eligibility Criteria:* | 1. 10th & 12th >= 80% | 2. CGPA >= 7.5 | Registration Form:* | https://forms.gle/xao8atzmoe1D83pr5 | Deadline:* 11:59 PM, 4th March 2025 | Note:*",* 3 Months,* Remote (Work From Home),
Pixel Compute,,,* 15KPM - 20 KPM,* 2026,"* B.Tech, Dual Degree",* All | Eligibility:* | CGPA>=7 | No active backlogs and URs,,"* Bhubaneswar, Odisha | Recruitment Process:* | Pre-placement Talk (45 mins) | Resume Shortlisting | Online Test (DSA & MCQs) (2 - 3 hours) | Interviews","* https://forms.gle/rc9PRGNX6dSE3EYC8 | Deadline:* 11:59PM, 6th March 2025 (Today) | For Full Stack role proficiency in javascript and ReactJs will be preffered. | keep the short deadline in mind"
Reliance Industries Limited,,,,,,,,,
Edu-versity,,,,,,,,,
RAAM Group,,,,,,,,,
Auro Digital incorporation,,,* 15 KPM (Remote),* 2026,"* B.Tech, Dual Degree, Integrated M.Sc",* All | Eligibility:* | No active backlogs and URs | Recruitment Process:* | Resume Shortlisting | Online Test (Aptitude and Technical) | Personal Interviews,,,"* https://forms.gle/xvACuvDKQYEUZbSr9 | Deadline:* 3:00PM, 12th March 2025 (Today) | keep the short deadline in mind <This message was edited>"
Auro Digital Inc.,,,,,,,,,
Pixel Compute,,,,,,,,,
ZS Campus Beats,,,,* 2026 | Programe Details :* | Live webinar sessions | Case challenge: April 2025 | Panel interview: May 2025 | Registration link:* https://www.zs.com/careers/campus-beats,,,,,"* https://forms.gle/4Bo3XXJ3pB6Ghz2P8 | Deadline:*  5:00 pm, 7th April 2025 | Note:* | 1. You'll find the registration link under the Live Webinar Sessions with the webinar title ‘Unlock your future at ZS’. | 2. It is Mandatory to fill both the forms. | 3. Registration in this webinar is mandatory for further process. | 4. Every eligible candidate must apply."
Fischer Jordan,,,* 20 KPM (20 hrs per week),"* 2026 | Duration:* 6 months | Deadline:* 26th March 2025, 11:59 PM | Registration link:* https://docs.google.com/forms/d/e/1FAIpQLSfyKrplzUwFC2jo7aQdXVayIkgRKc9EGBtVKfQZpjKDYrvmBQ/viewform?usp=sf_link",* B. Tech,* All,,,* https://forms.gle/oqzbJYgrUWgctEJN7 | Note:* | 1. Candidates should be flexible for full time work hours during summer break. | 2. Full time hours pay is 40 KPM
Pixel Compute,,,,,,,,,
TVS Motor Company,,,"* ₹25,000 per month + One-time to-and-fro travel reimbursement | CTC on PPO Conversion:* ₹ 11 LPA",* 2026,* BTech,"Associate Data Engineer: All | Design Engineer-Mechanical : ME | Design Engineer-Electrical : EE, EC, EI | Eligibility Criteria:* | 10th, 12th >= 60% | CGPA >= 6 | No active backlogs | ⁠PwD only",,,"* https://forms.gle/sFm7AvBpesX9uTcN7 | Application Deadline:* 11:59pm, 27th March 2025 | NOTE:* | ⁠_You can apply for one job role only_"
Pixel Compute,,,,,,,,,
Keventers,,,* 20 KPM,* 2026,* All,* All,,* New Delhi | Selection Procedure:* | *Round 1:* Application by the prospects. | *Round 2:* Shortlisted candidates of Round 1 will be called for auditions in the college premises. Participants will have 60 seconds to present on the topic “Teach us how to Market” and “Why do we choose YOU?” | *Round 3:* Top 3 finalists from each college will be selected to visit Keventers Office for the interview. | *Round 4:* The final selected candidate will be recruited as a part of the Keventers Marketing Team. | Registration Form:* | https://docs.google.com/forms/d/Ee/1FAIpQLSetp1ZMi2Rsd143Tu3iz_rw8RsMyp-9xvV5-T061RqM0YZ7kA/viewform?usp=sharing,"https://forms.gle/KsH7cVmuTUNTHt2R8 | Deadline:* 11:59 PM, 4th April 2025 | Note:*"
Keventers,,,,,,,,,https://forms.gle/KsH7cVmuTUNTHt2R8
Resollect,* I) Front-End Developer | II) Back-End Developer,,* 20KPM,* 2026,"* B. Tech, M. Tech, Dual, Int M. Sc, M. Sc.",* All,,,"* https://forms.gle/UsP2PfE8krnUXn4X7 | Deadline:* 5:00PM;7th April, 2025(Today) | Note:* The first round will be resume shortlisting, so prepared your resume accordingly."
ZS Campus Beats,,,,,,,,,
RAAM Group,,,,,,,,,
"SAIL, Rourkela Steel Plant (RSP)",,,,,,,,,
Quidle Enterprise Pvt. Ltd.,,,,,,,,,
DMP 2025 Open-Source Mentorship Program,,,"* ~₹1,00,000 over 3 months",* All,* All,"* All | Benefits:* | Work on meaningful, open-source tech projects | Get mentored by industry experts | Gain access to internship, PPO, and career opportunities",,,* https://apna.co/contests/dmp_2025 | Registration Link:* https://forms.gle/i1PgxfQCVytfUDPQ8 | Deadline:* 3rd May 2025 | Note:*
Quidle Enterprises,,,,,,,,,
Indian Metals and Ferro Alloys Ltd (IMFA),,,* 10 KPM,* 2026,* B.Tech,"* EE, EI, ME, MM, MN",,"* Choudwar, Therubali | Duration:* 2 Months | Eligibility:* | CGPA >=6 | 10th and 12th Percentage >=50%","* https://forms.gle/GuMq9rfWw6cPo3EX7 | Deadline:* 11:00 AM, 1st May 2025 | Keep the short deadline in mind."
PARIKSIT INCORPORATION INDIA PVT LTD.,,,* 15 KPM,* 2026,"* B.Tech, Dual, Int. MSc,  B. Arch",* All,,"* Shaktinagar, Rourkela | Duration:* 8 weeks | Selection Process:* | 1. Resume Shortlist | 2. Personal Interview","https://forms.gle/L6rKwaitgLsHxaXd8 | Deadline:* 11:59 AM, 2nd May 2025 | Keep the short deadline in mind."
AlgoUniversity,,,,,,,,,
IMFA,,,,,,,,,
Quidle Enterprises Pvt. Ltd.,,,,,,,,,
IMFA,,,,,,,,,
Edge AI Developer Hackathon,,,,,,,,,
Jindal Steel & Power Ltd. (JSPL),,,,,,,,,
People Tech Group,,,* 30 KPM,* 2026,"* B.Tech, M.Tech",1. C++ - ALL | 2. Mechanical Design- ME | 3. Industrial Design - ID | Start Date:* Immediate | Duration:* 2 Months,,* Hyderabad,"* https://forms.gle/i3nqDoothiTX8RaZ7 | Application Deadline:* 3:00 PM, 15th May 2025 | NOTE:*"
IMFA,,,,,,,,,
Google,,,,,,,,,
Shineroad Foods (INDIA) Pvt Ltd,,,* 10-12 KPM,"* 2026 | Duration:* 2 Months | Location*: Sonipat, Harayana",* All(Except PhD),* All,,,"* https://forms.gle/8Ym9nwNT4ZKrgWab9 | Deadline:* 11:59 PM , 19th May 2024 | NOTE :*"
CRED,,,"* INR 75,000 / Month | CTC on PPO Conversion:* Not Disclosed",* 2026,* BTech,* All,,,"* https://forms.gle/Y1WZSKsvWEvA6bVQ6 | Deadline:* 4:00 PM(Today) | Resume shortlisting will be done, prepare your resumes accordingly. | Keep in mind the short deadline."
CRED,,,,,,,,,
People Tech Group,,,,,,,,,
People Tech Group,,,,,,,,,
People Tech Group,,,,,,,,,
Jindal Steel & Power Ltd. (JSPL),,,,,,,,,
T$O-GENAI Hackathon,,,,"* 2026, 2027, 2028",* All,"* All | Team Size:* 2–4 members | Event Dates:* | Round 1: June 15, 2025 (Online) | Round 2: July 10–12, 2025 (Offline, IIT Bhubaneswar) | Prizes:* | ₹1.2 Lakh + PPI/PPO at Jazzee | All participants: ₹4,999 Gen AI course + project | Registration Link:* https://hackathon.jazzeetechnologies.com",,,"*  https://forms.gle/ruYR9ZQAardGcXDb8 | Deadline:* 11:59 PM, May 31, 2025 | Note:* | It is mandatory to fill both the forms. | Fee: ₹500 (team of 2), ₹400 (team of 3), ₹350 (team of 4) per person. | Register via “Jazzee Edtech” app (Play Store/App Store) and website."
HackVega,,,,,,,,,
Proggy-Buggy Towel Contest 2025,,,,,,,,,
Lokal,,,,,,,,,
Update,,,,,,,,,
Swiggy,,,,* 2026,"* BTech, Dual, MTech, Int. MSc","* All | Stipend Offered:* INR 40,000/Month | CTC on PPO Conversion:* Not Disclosed",,"* Remote/WFO | Skills Required:* Swift XCode, UI Kit, iOS and anything related.","* https://forms.gle/8fSAgXVW14e7Cakw7 | Deadline:* 24 May 2024, 11:59 *PM* IST | Only those with relevant experience/skills should apply for the opportunity | Resumes will be shortlisted directly for interviews, so upload your best version."
Jindal Steel & Power Ltd. (JSPL),,,,,,,,,
JoyzAI,,,* 25 KPM | CTC on PPO Conversion:* | 15 - 21 LPA (Full-Stack Developer) & | 7 - 14 LPA (Front-End Developer),* 2026,* B.Tech,* All | Start Date:* Immediate | Duration:* 2 Months,,* Noida,"* https://forms.gle/k3GjnWyWnc9aM51Y7 | Application Deadline:* 1:00 PM, 24th May 2025 | NOTE:*"
SalesDuo,,,,,,,,,
JoyzAI,,,,,,,,,
Tekion Campus India 2026,,,,,,,,,
Swiggy,,,,,,,,,
Swiggy,,,,* 2026,"* BTech, Dual, MTech, Int. MSc","* All | Stipend Offered:* INR 40,000/Month | CTC on PPO Conversion:* Not Disclosed",,* Remote or WFO,"* https://forms.gle/NMixC2iqbo1NakT76 | Deadline:* 11:59 *PM* IST(Today) | Mention your prior internship and project details in the form. | Only those with relevant experience/skills in *Data Science* field should apply for the opportunity. | Resumes will be shortlisted directly for interviews, so upload your best version."
TMRW House of Brands,,,,"* 2026, 2027",* All,"* All | TMRW House of Brands, backed by the Aditya Birla Group, is building India’s leading digital-first fashion and lifestyle house. | They want to learn how students perceive them and how they can engage better on-campus through the right conversations, programs, and platforms. | Below is a survey form *everyone's required to fill it up ASAP!* | Survey Form:* https://forms.gle/uLYBJTfS4eGu79G36 | Deadline:* 11:59 PM (Today) | Note:*",,,
SalesDuo,,,,,,,,,
People Tech,,,,,,,,,
Jindal Steel & Power Ltd. (JSPL),,,,,,,,,
CRED,,,,,,,,,
SalesDuo,,,,,,,,,
Code-a-thon,,,,,,,,,
Cisco,,,,,,,,,
Cisco,,,,,,,,,
Cisco,,,,,,,,,
Salesforce,,,,,,,,,
GE Healthcare,,,,"* 2025, 2026, 2027, 2028","* B.Tech, M.Tech, Dual","* All | Team Size:* 1-4 | Theme:* | Artificial Intelligence (chIid-Baby Care for Indian Parents) | Cybersecurity (Automated Fixes for Vulnerabilities) | Analytics and AI (Neurology & Oncology Clinical Trials) | Clinical Support (Alarm Fatigue)Cloud | AI (Agentive AI for Security Patches) | Rewards & Prizes:* | *1st Prize:* ₹1,50,000 | *2nd Prize:* ₹1,00,000 | *3rd Prize:* ₹75,000 | Deadline:* 11:59 PM, 18th June 2025 | Registration Link:* https://www.hackerearth.com/challenges/hackathon/precision-care-challenge-2025/",,,* https://forms.gle/7m7CyFcBpN4pkXHQ8 | Note:*
HackVega,,,,,,,,,
Adobe India Hackathon,,,,,,,,,
Juspay,,,,,,,,,
Flipkart,,,,,,,,,
Caterpillar,,,,* All,* All,* All | Rewards:* | 1. Prizes worth INR 3.5 lakhs | 2. Get Internship interviews | Venue:* IIT Madras | Registration Link:* https://unstop.com/competitions/caterpillar-autonomy-challenge-iit-madras-1495082,,,"https://forms.gle/D6gUySf5NeeeBDo38 | Deadline:* 14th Aug 2025, 11:59 PM IST | Note:* It is mandatory to fill both the forms"
HackWithInfy 2026,* Specialist Programmer,* INR 9.5 LPA,,* 2026,"* B.Tech, M.Tech, Dual degree, Int. MSc.","* All | Competition Offers:* | 1. Cash prizes worth *INR 550,000* to the winners | 2. ⁠Pre-placement interview for the job role of Specialist Programmer. | For more details about selection process and timelines, you can visit the following *website:* | https://tinyurl.com/3hm4rzm5 | Registration Link:* https://forms.gle/LyeaRFWpKpjighGE6 | Deadline:* 11:59 PM, 17th June 2025 *(Today)* | Note:*",,,
Media.net,,,,,,,,,
Media.net,,,,,,,,,
Samsung,,,,* All,* All,"* All | Eligibilty Criteria:* | Age Group 14-22 Years | Themes:* | 1. AI for Safer, Smarter & Inclusive Bharat | 2. Future of Health, Hygiene & Wellbeing in India | 3. Social Change through Sport & Tech: For Education & Better Futures | 4. Environmental Sustainability via Technology | Rewards:* | INR 1 Crore to Top 4 Winning Teams | INR 20 Lakhs to Top 20 Teams | INR 8 Lakhs to Top 40 Teams | Mentorship, Master class, Prototyping at IITD | Registration Link:* https://www.samsungindiamarketing.com/SolveForTomorrow/Default.aspx",,,"https://forms.gle/aRdo2qWBezntfAbn9 | Deadline:* 28th June 2025, 11:59 PM IST | Note:* | It is mandatory to fill both the forms | Visit the link for more details: https://www.samsung.com/in/solvefortomorrow/"
Shell.ai Hackathon,,,,* All,*  All,* All,,,"* https://www.hackerearth.com/challenges/new/competitive/shellai-hackathon-2025 | Registration form:* https://forms.gle/LMtFXNGTE8y4pV1M8 | Rewards & Prizes:* | > Winner - 1,500 USD | > Runner-up - 1,000 USD | For more info, Visit :* https://www.shell.com/hackathon | Deadline:* 11:59 PM, 31st June 2025"
C-DAC NOIDA,,* Not Disclosed,* 15 KPM,"* 2025, 2026",* BTech,* All | Eligibility:* SGPA >= 7(in last semester) or CGPA >= 7,,,"* https://forms.gle/yBzUamPgWUfogK938 | Deadline:* 11:59 PM, 20th June, 2025 | Note:* | ⁠⁠_Keep the short deadline in mind._ | ⁠_⁠Refer to JD & curate your CVs accordingly._"
OKTA India,,* 29 LPA + benefits,"* INR 1,00,000/Month + benefits",* 2026,* B.Tech,* All | Eligibility Criteria:* | CGPA >= 6.0 | No active Backlogs | Selection Process:* | 1. Resume Shortlist | 2. Online Test | 3. Personal Interview,,,"* https://forms.gle/M7GYb9FQ7vThP3GY7 | Deadline:* 20th June, 2025, 11:59 PM | Note:* | Refer to the JD for more information. | For students other than CS, EC, EE, EI only those with relevant skills should apply. | Keep in mind the short Deadline."
OKTA India,,,,,,,,,
OKTA,,,,,,,,,
C-DAC NOIDA,,,,,,,,,
Media.net,,,,,,,,,
OKTA,,,,,,,,,
Cisco,,,,,,,,,
IMPORTANT,,,,,,,,,
Final Warning,,,,,,,,,
Media.net,,,,,,,,,
HackWithInfy,,,,,,,,,
Cisco,,,,,,,,,
Axxelerate,,,,* 2026,* All,"* All | Team Size:* Individual | Duration:* July 14, 2025 – August 15, 2025 | Mode:* Online | Rewards & Prizes:* | 1st Prize – ₹1.5 Lakh | 2nd Prize – ₹1 Lakh | 3rd Prize – ₹75,000 | Weekly Winners – ₹50,000 | Top 50 performers will receive a Direct PPI opportunity with Axxela | Deadline:* 11:59 PM, 26th June 2025 | Registration Link:* https://axxelerate.axxela.in",,,* https://forms.gle/DU6kgArnEBi7krmDA | Note:*
ZS Campus Beats,,,,,,,,,
Placement Registration,,,,,,,,,
InnoVent Hackathon*,,,,,,,,,
Enabling Abilities,,,,,,,,,
Flipkart GRiD 7.0,,,,,,,,,
Cisco,,,,,,,,,
Flipkart GRiD 7.0,,,,,,,,,
DE Shaw & Co.,,,,,,,,,
DE Shaw,,,,,,,,,
Media.net,,,,,,,,,
Media.net,,,,,,,,,
Media.net,,,,,,,,,
Media.net,,,,,,,,,
Warning,,,,,,,,,
Important,,,,,,,,,
Juspay,,,"For SDE, PE, Product Design - 40KPM | For PSE - 30KPM | CTC in PPO conversion:* | 1. SDE - 27 LPA | 2. ⁠PE - 21 LPA | 3. ⁠Product Design - 19LPA | 4. ⁠PSE - 11LPA | Application Form :*- https://forms.gle/yFtu4ut5AsRarBmH7 | Deadline:*  11:59 AM, 11th July, 2025 | Note :* | 1. _Please keep the short deadline in mind._ | 2. _The Online Assessment will be common for all roles._ | 3. _Final role allocation will depend on your performance during the selection process._",* 2026,* B.Tech,* All,,,
ProcDNA Analytics India PVT LTD,,,,,,,,,
HackWithInfy,,,,,,,,,
ProcDNA,,,,,,,,,
Eternal Limited (Formerly Zomato Ltd),,,,,,,,,
ION Group,,* 17.3 LPA (15 Base),* 1.25 LPM,* 2026,"* B.Tech, Dual, Int M.Sc.","* All | Eligibility:* | 75% throughout 10th, 12th and graduation. | ⁠No active backlogs | Job Locations:* Noida, Hyderabad, Pune, and Mumbai",,,"* https://forms.gle/9EN9MEpXRjFvoHN36 | Deadline:* 6:00 pm, 12th July 2025 | Note:*"
Eternal Limited (Formerly Zomato Ltd),,,,,,,,,
Placement Registration,,,,,,,,,
Co-Create the Future,,,,* All,* All,"* All | Team size:* 3-4 members | Event Details:* | *Date:* To be decided | *Mode:* Online | *Themes:* AI, Sustainability, IIOT, Carbon Management (e.g., Smart Sentry, Asset Sim, Green Pulse) | Rewards & Prizes:* | Exciting prizes, certificates, and exclusive goodies | Deadline:* 11:59 PM, 19th July 2025 | Registration Link:* http://bit.ly/4lKjkyq",,,* https://forms.gle/5UYwsvfaK4BRYCQa6 | Note:* | It is mandatory to fill both the forms. | One team member to fill the form with all details. | Inter department teams are eligible.
ION Group,,,,,,* All | Date* : 15th July 2025 | Time* : 1:30 PM | Link :* https://teams.microsoft.com/l/meetup-join/19%3ameeting_YTQ4NTJiOWMtNzdhMS00MjU0LWI1NDAtMjAxMGVlY2FmYTM3%40thread.v2/0?context=%7B%22Tid%22%3A%22768fe7d4-ebee-41a7-9851-d5825ecdd396%22%2C%22Oid%22%3A%2228880fae-800a-4599-8653-b153d3ed20b6%22%2C%22IsBroadcastMeeting%22%3Atrue%2C%22role%22%3A%22a%22%7D&btype=a&role=a | Note:*,,,
ProcDNA Analytics India PVT LTD,,,,,,,,,
Eternal Limited (Formerly Zomato Ltd),,,,,,,,,
Eternal Limited (Formerly Zomato Ltd),,,,,,,,,
ProcDna,,,,,,,,,
ProcDNA,,,,,,,,,
ProcDNA,,,,,,,,,
Media.net,,,,,,,,,
ProcDNA Analytics India Pvt. Ltd.,,,,,,,,,
ION Group,,,,,,,,,
Big Idea Tech Design Competition 2025,,,,"* 2026, 2027",* B.Tech,"* All | Team Size:* 1-3 members | Rewards & Prizes:* | ₹1.5 Lakh for Winner | ₹75,000 for 1st Runner-Up | ₹50,000 for 2nd Runner-Up | ₹10,000 ×2 Special Jury Awards | Top performers will receive a Direct PPI opportunity with V-Guard | Deadline:* 11:59 PM, 25th July 2025 | Registration Link:* https://www.vguard.in/bigideatech/index",,,* https://forms.gle/QKZ31Fz3GnQ8xJbm9 | Note:*
Bajaj Auto Ltd.,,"* ₹11.74 LPA (B.Tech), ₹12.24 LPA (M.Tech)",,* 2026,"* B.Tech, Dual, M.Tech","* EE, ME, MM | Eligibilty:* | ≥70% or ≥6.5 CGPA throughout academic career | No active or passive backlogs | No diploma prior to UG | Max 1-year gap between 12th & UG, or UG & PG (if working post-UG) | Selection Process:* | PPT | Online Test | Resume Shortlisting | Personal Interview | Job Location:* Pune",,,"* https://forms.gle/sUd8YHq16mBaK1Yw6 | Deadline:* 11:59 PM, 17th July 2025 | Note:*"
PayPal,,,,,,,,,* https://forms.gle/uupmqArhJjeeBANq7 | Deadline:* 11:59 pm 20th July 2025 | Note:*
Eternal Limited (Formerly Zomato Ltd),,,,,,,,,
Media.net,,,,,,,,,
TVS Credit E.P.I.C 7.0,,,,"* 2026, 2027","* B. Tech, M. Tech, Dual",* All | Team Size:* 1-2,,,"* https://unstop.com/o/17Q4cAw?utm_medium=Share&utm_source=shortUrl | Registration Link:* https://forms.gle/qJ842emD61p3SNj9A (Each team member should fill this form) | Deadline:* 3rd Aug, 2025, 11.59 PM | Note:* It is mandatory to fill both the forms"
Bajaj Auto Limited,,,,,,,,,
Alstom,,,,,,,,,
ProcDNA Analytics India PVT LTD,,,,,,,,,
Flipkart,,,,,,,,,
Eternal Limited (Formerly Zomato Ltd),,,,,,,,,
Eternal Limited,,,,,,,,,
Eternal Ltd (Formerly Zomato Ltd),,,,,,,,,
MakeMyTrip,,* 22LPA,* 50KPM,* 2026 | Selection Procedure:* | Resume Shortlisting | Technical Assessment | HR Interview,* B.Tech,"* CS, Minor in CS",,,"* https://forms.gle/e2WJxrWTyDWHN9r67 | Application Deadline:* 11:00 AM, 23rd July 2025 | NOTE:*"
Eternal Ltd(Formerly Zomato Ltd),,,,,,,,,
Fractal Analytics,,,,,,,,,
HackWithInfy,,,,,,,,,
Bajaj Auto Limited,,,,,,,,,
Amazon ML Summer School,,,,,,,,,
L'Oréal,,,,"* 2026, 2027",* All,"* All | Team Size:* 3 members | Perks:* | All Finalists and Semi-Finalists stand a chance to receive pre-placement interviews (PPIs) | *Stipend:* MBA: ₹ 1.6LPM, Others: ₹ 80KPM | *CTC:* MBA: ₹ 28 LPA, Others: ND | Registration link:* https://rebrand.ly/loreal-sustainability-challenge-2025",,,"* https://forms.gle/pTXYAjpFAiUXfK4y5 | Deadline:* 10th August, 11:59 PM | Note:* | 1.⁠ ⁠It is mandatory to fill both the forms. | 2.⁠ ⁠Each team member must fill the form."
PhonePe,,* 16 LPA,* 40KPM,* 2026,"* B.Tech, M.Tech, Dual Degree, Int M.Sc",* All | Eligibility:* | 1. CGPA>= 6 | 2. No active backlogs.,,,"* https://forms.gle/ydcSNSrVDp58ceRE9 | Deadline:* 10:59 PM, 28th July 2025"
Flipkart,,,,,,,,,
Flipkart,,,,,,,,,
Flipkart,,,,,,,,,
Flipkart,,,,,,,,,
Flipkart,,,,,,,,,
Cisco,,,,,,,,,
Accenture,,,,,,,,,
Energy Quest 2.0,,,,"* 2026, 2027",* B.Tech,* All | Team Size:* 1 | Levels & Rounds:* | Online Assessment | Domain Assessment | Prizes:* | Winner: INR 31K + Gift Hamper + Direct Entry to interview/GD at the time of Campus Hiring Drive. | 1st Runner-Up: INR 21K + Gift Hamper + Direct Entry to interview/GD at the time of Campus Hiring Drive. | 2nd Runner-Up: INR 15K + Gift Hamper + Direct Entry to interview/GD at the time of Campus Hiring Drive. | Top Performers: Cash prize of Rs 5000 for each participant via Bank transfer. | The top 4 performers will be offered a PPO with HMEL based on their stream and year of passing.* | Registration Form:* | https://xathon.mettl.com/event/Energy-quest2025?utm_source=TPO,,,"* https://forms.gle/QKzoYcSjsVZavadq5 | Deadline:* 4th Aug 2025, 11:59 PM. | Note:* | 1. It is mandatory to fill out both forms."
InnoVent Hackathon,,,,,,,,,
Flipkart,,,,,,,,,
DE Shaw & Co,,,,,,,,,
Tredence,,,,,,,,,"* https://forms.office.com/r/QxciACvY5L | Registration Link :* https://forms.gle/rLYYQ8stWXYq6oXB6 | Venue:* TIIR Auditorium | Deadline to fill the both forms:* 2PM,1st August,2025 | Note:* | 1._It is mandatory for everyone to join this leadership talk as this is going to increase the chances of Tredence to recruit more number of candidates from our campus._ | 2._The candidates who are not applying for the leadership talk they are not eligible to sit for Tredence On-Campus opportunity._"
DE Shaw & Co,,,,,,,,,
Flipkart,,,,,,,,,
DE Shaw & Co,,,,,,,,,
Headout,,* 25 LPA (₹18L Fixed + ₹2L Variable + ₹5L in ESOPs.),* 70KPM,* 2026,* BTech,"1.Software Engineer, Backend - CS,EC,EI,EE | 2.Software Engineer, Frontend - CS,EC,EI,EE | 3.Machine Learning Engineer - ALL | 4.Data Engineer - CS,EC,EI,EE | Selection Process:* | 1.Resume Shortlisting | 2.Assignment | 3.Technical Interview | Registration Link :* https://forms.gle/kFGs5ogXXDE5boHr5 | Deadline:* 11:59PM, 2nd August, 2025 | Note:* | 1.Each student must apply for only one role. | 2.Resume shortlisting will be done based on the information provided by you in the form and your resume. | 3.Assignments must be original. Any form of plagiarism will lead to strict disciplinary action.",,,
Coupa Software,,* 16.5LPA (Fixed – 15 LPA; Performance Variable – 1.5 L) | Academic Requirements:* | No Active Backlogs,* To be disclosed,* 2026,* B.Tech,"* CS, EC, EE, EI, Minor in CS.",,"* Pune, Bangalore","* https://forms.gle/fnWAWB5FDdZ2YVJXA | Deadline:* *11:59 PM*, 1st August 2025"
Juspay,,,,,,,,,
DE Shaw,,,,,,,,,
OpenText,*  AI/ML/DS Developer,,* 40 KPM | CTC on Conversion:* 18-20 LPA,* 2026,"* B.Tech, Dual Degree, Int MSc","* All | Eligibility:* | 1. CGPA >= 7 | 2. ⁠70% and above in 10th and 12th | 3. ⁠No active backlog | Job Location:* Bengaluru/Hyderabad | Registration Form:* https://forms.gle/dKPno8L7X7jz8uad6 | Deadline:* 10:59AM 4th August, 2025 | Note:* | ⁠_Keep the short deadline in mind._",,,
Headout,,,,,,,,,
MakeMyTrip,,,,,,,,,
MakeMyTrip,,,,,,,,,
BlackRock,,,,,,,,,
Coupa Software,,,,,,,,,
Coupa Software,,,,,,,,,
ExxonMobil,,,,,,,,,
ExxonMobil,,,,,,,,,
OpenText,,,,,,,,,
OpenText,,,,,,,,,
Coupa Software,,,,* 2026,* B.Tech,* All | Instructions*: | 1. *Only students who attend the PPT will be considered for the further process.* | 2. Attendance will be taken and those who have applied should attend this session. | 3. Use your full name. | 4. Ensure a stable internet connection. | 5. Mute audio unless speaking.,,,
BlackRock,,,,,,,,,
Juspay,,,,,,,,,
ExxonMobil,,,,,,,,,
BlackRock,,,,,,,,,
Tredence,,1.[DE-10LPA(6.5L Fix + 1.5L Variable +2L(Performance Bonus))] | 2.[DS-12LPA(8L Fix + 2 Variable + 2(Performance Bonus))],,* 2026,* B.Tech | Eligibility Criteria:* | Cgpa >=7.00 | 10th and 12th >=70% | No active Backlogs,* All,,"*  Bangalore | Hiring Process:* | 1.Leadership Talk | 2.Online Test | 3.Communication Test | 4.Technical Interview | 5.HR Interview | Application Form :* https://forms.gle/PF6aX1hyLfp5jH8A9 | Deadline :* 11:59 PM, 7th August 2025 | Note :*",
Bain Capability Network (Bain & Company),* Intern Analyst,,* 45 KPM + Benefits | CTC on Conversion:* 15.68 LPA,* 2026,* B.Tech,* All | Eligibility:* | 1. CGPA >= 6 | 2. ⁠60% and above in 10th and 12th | 3. ⁠No active backlog | Job Location:* Bangalore/Gurgaon | Registration Link:* https://careers.bain.com/jobs/FolderDetail/NIT-Rourkela-UG-Intern-Role-Batch-of-2026/97976,,,"* https://forms.gle/oo964Z5aFH547P626 | Deadline:* *4 pm, 6th August 2025* | Note:* | ⁠_Deadline will not be extended and hence keep the short deadline in mind._ | ⁠_Refer to the job description below._"
Atomberg Technologies,,,,"* 2026, 2027, 2028","* BTech, MTech, Dual, PhD (in Engineering)","All | Team Size:* 3 to 5 members | Perks:* | All Finalists and Semi-Finalists stand a chance to receive pre-placement interviews (PPIs) | Cash prizes worth ₹2,00,000 | Registration link:* https://unstop.com/competitions/atomquest-2025-atomberg-technologies-pvt-ltd-1531272",,,"* https://forms.gle/rdc3VvLgUMNR9cNo6 | Deadline:* 10th August, 11:59 PM | Note: | 1.⁠ ⁠It is mandatory to fill both the forms. | 2.⁠ ⁠Each team member must fill the form."
BlackRock,,,,,,,,,
BCN,,,,,,,,,
BCN,,,,,,,,,
ExxonMobil,,,,,,,,,
Bain Capability Network,,,,,,,,,
BCN,,,,,,,,,
Tredence,,,,,,,,,
BCN,,,,,,,,,
BCN,,,,,,,,,
DP World,,,,* 2026,"* B.Tech., Dual, Int. Msc.",* All | CTC :* 27 LPA | Eligibility:* | CGPA>=7.5 | Selection Process :* | 1. Pre-Placement Talk | 2. Resume Shortlist | 3. Online Test | 4. 4 rounds of Interviews,,,"* https://forms.gle/BRKXoyMJ9cCeoUuMA | Deadline:* 11:59 *PM*, 8th August 2025"
ExxonMobil,,,,,,,,"* LA 1 Computer labs | Bring your Laptop, Charger, Lan Cable and ID Card | Read all below mentioned documents before appearing the test",
Tredence,,,,,,,,,
ExxonMobil,,,,,,,,,
Bain Capability Network,,,,,,,,,
ExxonMobil,,,,,,,,,
Artech L.L.C.,,"* 4.68 LPA + monthly lucrative incentives | Benefits:* Health insurance, cab facilities, Meal & Snacks | Shift:* US Shift timings | Bond Period:* 1.5 year",,,"* B.Tech, M.Tech, MBA, Dual",* All,,* Noida,"https://forms.gle/SNxfJ1YLzPwSNTH5A | Deadline:* 11:59 PM, 8th August 2025 | Note:*"
Coupa Software,,,,,,,,,
BCN,,,,,,,,,
BlackRock,,,,,,,,,
Futures First,* Financial Market Intern,,* 40 KPM | CTC on Conversion:* 17.03 LPA,* 2026,"* B.Tech, Dual, Int. MSc.","* All | Job Location:* Bangalore, Kolkata | Registration Link:* https://shorturl.at/zgp5z",,,"* https://forms.gle/iUikMNPCVa2MJkEt7 | Deadline:* 11:59 pm, 12th August 2025 | Note:* | ⁠_Keep the short deadline in mind._"
ExxonMobil,,,,,,,,,
ExxonMobil,,,,,,,,,
BlackRock,,,,,,,,,
BlackRock,,,,,,,,,
Tredence,,,,,,,,,
Tredence,,,,,,,,,
Coupa Software Inc.,,,,,,,,,
Coupa Software Inc.,,,,,,,,,
Atomberg Technologies,,,,,,,,,
Training Committee (Expansion),,,,,,,,,
EatClub Brands (Formerly BOX8),,,,,,,,,
EatClub Brands (Formerly BOX8),,,,,,,,,
Pixel Compute,,,"* 20 KPM | CTC :* 19.74LPA | Eligibility:* | CGPA>=7 | Selection Process :* | 1. Online Test | 2. Interview | Date of Online Test:* 8th September, 2025",* 2026,"* B.Tech., M.Tech., Dual, Int. Msc.",* All,,,"* https://forms.gle/hdoo1utnQjtqfJ8n6 | Deadline:* 11:59 *PM*, 13th August 2025"
ExxonMobil,,,,,,,,,
Heleum,,,* 10KPM | CTC On Conversion:* 4.5 LPA,* 2026,* All,* All | Registration Link:* https://forms.gle/MzBSVh9ZgaEzCBLt6,,* Remote (WFH) | Timings:* Minimum 3.5 hrs per day,"* https://forms.gle/g75feRsd5dHbCpN26 | Deadline:* 11:59 PM, 15th August 2025 | Note:*"
rtCamp,,,,,,,,,
EatClub Brands (Formerly BOX8),,,,,,,,,
EatClub Brands (Formerly BOX8),,,,,,,,,
EatClub Brands,,,,,,,,,
EatClub Brands (Formerly BOX8),,,,,,,,,
EatClub Brands (Formerly BOX8),,,,,,,,,
Tredence,,,,,,,,,
EatClub Brands,,,,,,,,,
Sigmoid Analytics,,* ₹12 LPA ( ₹11 LPA Fixed + ₹1 LPA Variable) + Perks,,* 2026,* B Tech,"* CSE, ECE, EI, EE (*Minor* in these branches are also eligible.) | Eligibility:* | CGPA >= 7.00 | Bond:* 2 Years | Registration Link:* https://forms.gle/qo2Fr9ZgaNoVu6ad7 | Deadline:* 16th August, 1:00 PM",,,
MakeMyTrip,,,,,,,,,
Tredence,,,,,,,,,
Training Committee,,,,,,,,,
Tredence,,,,,,,,,
Tredence,,,,,,,,,
Tredence,,,,,,,,,
Tredence,,,,,,,,,
Tredence,,,,,,,,,
Tredence,,,,,,,,,
Tredence,,,,,,,,,
Futures First,,,,,,,,,
Futures First,,,,,,,,,
Futures First,,,,,,,,,
Tredence,,,,,,,,,
Axxela,,* 14.1 LPA,* 20 KPM + 20K (One time Relocation),* 2026,"* BTech, Dual, Int Msc",* All | Eligibility Criteria:* | CGPA>=5 | 10th & 12th >=50% | No active backlogs,,,"* https://forms.gle/K6ZnxstDsRDtG7ZYA | Deadline:* 11:59 PM, 20th Aug | Note:*"
MOVIN,,* 10 LPA,,* 2026,* B.Tech,* ALL,,,"*  https://forms.gle/7tSQj6MunSFZX4rG6 | Deadline:* 11:59 PM, 21st August 2025 | Note:*"
EatClub Brands (Formerly BOX8),,,,,,,,,
Futures First,,,,,,,,,
FischerJordan,1. Data Analyst | 2. Sr. Data Analyst | 3. Software Engineer Backend | 4. Software Engineer Frontend | 5. Linux Kernel Developer/Embedded Developer,"Data Analyst: 29.6 LPA | Sr Data Analyst: 30.7 LPA | SWE, Linux Kernel Developer: 31.8 LPA",,"* 2026 | Eligible Courses and Branches:* | Data Analyst: | B.Tech: All | Sr. Data Analyst: | Dual, M.Tech, PhD: All | Int M.Sc, M.Sc: PH, MA | Software Engineer: | B.Tech: All | Linux Kernel Developer: | B.Tech, M.Tech: CS, EE | Eligibility:* | CGPA > 7 | Bond:* 3 years (refer to the document below for more details) | Registration Link:* https://acesse.one/ExQVs",,,,,"* https://forms.gle/ddEg9pDSXN6DnVTa9 | Deadline:* 11:59 pm, 21st August 2025 | Note:* | ⁠_Refer to the Job Description below._ | ⁠_Refer thoroughly to the bond detail mentioned in the Job Description._"
Futures First,,,,,,,,,
BlackRock,,,,,,,,,
Intel,,,,* 2026,"Btech, Mtech, Msc., Int. Msc., Dual","Software - CSE, ECE, EIE, EE | Hardware -  CSE, ECE, EIE, EE | Technology Developer - | Mtech/Msc/Int Msc/Dual: ME, MM, CY, PHY, EE | Btech: ME, MM | CTC :* | Btech, Int. Msc. - 11.509 LPA (Base) | Msc., Mtech.  - 15.42 LPA (Base) | Eligibility:* | CGPA>=7.5 | Selection Process :* | 1. Pre Placement Talk | 2. Assessment Test | 3. Technical Interview | 4. HR Round",,,"* https://forms.gle/ZTp7tH1e7gJeMSk59 | Deadline:* 11:59 *PM*, 20th August 2025"
ExxonMobil,,,,,,,,,
Zanskar Tech Pvt Ltd,,* ND,* 75 KPM + Incentives,* 2026,* B.Tech,"* All | Eligibility:* | ⁠CGPA >= 8 | ⁠No active backlogs. | Registration link:* https://forms.gle/WD9m2b9rWfNdKcUu5 | Deadline:* *11:59 PM,* 21st Aug 2025 | Note:*",,,
FischerJordan,,,,,,,,,
JSW TalentTech 2026,,,,* 2026,"* B. Tech, Dual, B. Arch","* ME, MM, MN, EC, EI, EE, CE, CH, CR, CS, ID | Note:* | 1) All the students irrespective of their sector preference must attend the PPT. | 2) Strict actions will be taken in case of failure to do so. | 3) Everyone must follow the dress code as mentioned in the placement policy.",,,
Tredence,,,,,,,,,
Futures First,,,,,,,,,
EatClub Brands,,,,,,,,,
EatClub Brands (Formerly BOX8),,,,,,,,,
Futures First,,,,,,,,,
HackwithInfy - Infosys,,,,,,,,,
MOVIN,,,,,,,,,
JSW,,,,,,,,,
Meesho,,* 23.5 LPA,* 70 KPM,* 2026,"* B.Tech, Dual","* All | Eligibility:* | No active backlogs. | Registration link:* https://forms.gle/f4cQWorJ97UEEXes8 | Deadline:* *11:59 PM,* 22nd Aug 2025 | Note:*",,,
JSW,,,,,,,,,
Cynlr,1) Algo & Machine Learning | 2) Core Engineering | 3) Software Engineering | 4) Robotics | 5) Business Roles,* 8 - 25 LPA (Base) + PF + Insurance + ESOPs,* 30KPM,* 2026,* B.Tech,"1) *Algo & Machine Learning:* All | 2) *Core Engineering:* EC,EI,EE,ME,ID,MM,MN,CE,CH,CR | 3) *Software Engineering:* CS,EC,EI,EE,ME | 4) *Robotics:* All | 5) *Business Roles*: All | Registration Form:* https://forms.gle/7zyEJtrYmgm276pP9 | Deadline:* 3:00PM, 23th August 2025 | Note:*",,,
Myntra,,,,"* 2026, 2027","* B.Tech, Dual Degree, Int MSc",* All | Eligibility Criteria:* | Females only | Registration Link:* https://unstop.com/hackathons/myntra-hackerramp-weforshe-2025-myntra-1513857?ref=olS1kKFA,,,"* https://forms.gle/JAgJcL9EGonbrz716 | Application Deadline:* 11:59PM, 26th August 2025"
Zluri,,,,,,,,,
Meesho,,,,,,,,,
Cynlr,,,,,,,,,
Cynlr,,,,* 2026,* BTech,* All | Note:*,,,
Flipkart,,,,,,,,,
Cynlr,,,,,,,,,
Headout,,,,,,,,,
Celebal Technologies,* Software Engineer | Job Profile:* Data Science/Data Engineering,* 15 LPA / 7 LPA(based on performance),* 30 KPM / 14 KPM,* 2026,"* BTech, MTech, Dual",* All,,,"* https://forms.gle/aXyD3GNvxkdhBBhN6 | Deadline :* 26th August, 2025, 11:59 PM | Note :* | Keep in mind the short deadline."
CynLr,,,,,,,,,
FischerJordan,,,,,,,,,
MOVIN,,,,,,,,,
Meesho,,,,,,,,,"* https://jobs.lever.co/meesho/dc699d1d-a1f5-442d-905e-8c9a0bb5df50 | Deadline:* 11:59 AM, 27th August 2025 | Form submission is mandatory; failure to do so within the deadline will lead to cancellation of candidature."
QuickSell,,,"* 30KPM | Internship Mode:* Remote(WFH) | After PPO Mode:* Work from Office | Application:* https://forms.gle/yVxmJPJhBENZKSDe8 | Deadline:* 11:59 PM, 27th August 2025 | 1. Keep the short deadline in mind | 2. Prepare your resume according to JD",* 2026,* All,* All,,,
Forma.ai,* Customer Operations Analyst Intern,,* 40KPM | CTC on PPO Conversion:* 15LPA,* 2026,* B.Tech.,* All | Eligibility Criteria:* | 10th & 12th : 80% & above | CGPA>=8,,,"* https://forms.gle/zTjvGpcHKaRnetmn8 | Deadline:* 11:59 PM, 27th August, 2025 | Note:*"
Headout,,,,,,,,,
Meesho,,,,,,,,,
Meesho,,,,,,,,,
Axxela,,,,,"* BTech, Dual, Int Msc",* All | Note:*,,,
MEESHO,,,,,,,,,
Meesho,,,,,,,,,
FischerJordan,,,,,,,,,
Meesho,,,,,,,,,
Flipkart,,,,,,,,,
Juspay,,,,,,,,,
Meesho,,,,,,,,,
Meesho,,,,,,,,,
Forma.ai,,,,,,,,,
Pkeday Investments,* Tech X Investment Intern,,* 1.5 LPM | CTC on PPO Conversion:* 15-20 LPA,* 2026,"* B.Tech, Dual, M.Tech, Int. MSc.",* All,,,"* https://forms.gle/M3JXoodC34tJ9pRk7 | Deadline:* 10:00 AM, 30th August, 2025 | Note:*"
Flipkart,,,,,,,,,
RNT Health Insights,1. Software Engineer | 2. Computer Vision Engineer | Job Location:* Chandigarh,1. SWE: 18LPA | 2. CVE: | B.Tech: 20LPA | Dual: 22LPA,* 30KPM,* 2026,"* B.Tech, Dual, Int MSc.",* All | Eligibility Criteria:* | CGPA>=6,,,"* https://forms.gle/acBFXSU2rgCqGivA9 | Deadline:* 11:59 PM, 30th August, 2025 | Note:*"
Juspay,,,,,,,,,
Uber,,,,,,,,,
Flipkart,,,,,,,,,
Meesho,,,,,,,,,
Quicksell,,,,,,,,,
Flipkart,,,,,,,,,
JSW Group,,INR 8 LPA + 1.5 L Retention Bonus | INR 8.5 LPA after 1 year,,* 2026,"* Btech, Dual, MSc","* CE, CH, CR, ME, MM, MN, EI, AG | Eligibility Criteria:* | 60% or equivalent or above in 10th, 12th and Btech/MSc | Age Criteria <= 24 years as on 1st April 2026 | Job Location:* PAN India | Registration Link:* https://nitrkl.pod.ai/d/yzL10C/placement-registrations/rZlQbJHkxYmYjRsWN-AdbI6I5eyzB_nKt_pcDJpekydgRfZKXLNF8ZoR7b8jgeXbFcXgaqMjPM-l4tBERD0dHw/fccb2dbe8206276f48a715df4e1c6b58a74562bc/",,,"* https://forms.gle/xRcPLNt8XbU9Um478 | Deadline:* 2nd Sept, 2025, 11:59 PM | Note:*"
Flipkart,,,,,,,,,
JSW Group,,,,,,,,,
Axxela,,,,,,,,,
Celebal Technologies,,,,,,,,,
Flipkart,,,,,,,,,
Axxela,,,,,,,,,
JSW Group,,,,,,,,,
NK Securities Research,* Full Stack Developer Intern,,* 2.5 LPM | CTC on PPO conversion:* ND,* 2026,"* BTech, Dual Degree, Int. Msc",* All | Eligibility Criteria:* | CGPA >= 7 | ⁠No active backlogs. | Selection Procedure:* | Resume Shortlisting | ⁠Online Assessment | ⁠Personal Interviews | Job Location:* Gurugram,,,"* https://forms.gle/GRyKGq5SG31mvsVu7 | Deadline:* 3:00 PM, 2nd September, 2025 | Note:* | ⁠_Curate your CVs according to the Job Role & Job Description._"
Axxela,,,,,,,,,
JSW Group,,,,,,,,,
Celebal Technologies,,,,,,,,,
Airamatrix,,* 22 LPA ( 19 Base + 3L JB ),,* 2026,"* Btech , Mtech , Int msc , dual",* All | Eligibility:* | CGPA>=6.5 | No Active backlogs | Selection process:* | 1.Resume Shortlisting | 2.Pre-placement talk | 3.Interviews,,,"* https://forms.gle/mBF3BT1kD9Z6htH19 | Deadline:* 7 PM, 3rd Sept , 2025 | Note:* | Resume shortlisting will be strictly based on the Job description attached."
Flipkart,,,,,,,,,
Celebal Technologies,,,,,,,,,
NK Securities Research,,,,,,,,,"* https://forms.gle/GRyKGq5SG31mvsVu7 | Deadline:* 11:59 PM, 2nd Sept, 2025 | Note:*"
ZS Associates,,* 14.156 LPA,,"* 2026 | Eligibility Criteria:* | 10th & 12th marks >= 70%, CGPA>=7 | Students with active backlogs can appear for the ZS process, provided their current aggregate CGPA is greater than 7. If they happen to secure an employment offer with ZS, they are expected to clear the backlog prior to joining the firm. | Students who are not citizens of India by birth are NOT allowed to be part of the process even if they possess work authorization for India. | Registration form:* | 1. For DAA Role :- https://app.joinsuperset.com/join/#/signup/student?jp=c263a07b-eb11-4cb3-9395-d1af85af9097 | 2. For BTSA Role :-https://app.joinsuperset.com/join/#/signup/student?jp=bc6da9eb-04e3-451a-b979-523714d2bde5",* B.Tech,"All (For Decision Analytics Associate) | CS, EC, EI, EE (For Business Technology Solutions Associate)",,,"* https://forms.gle/MkFHiLa2Nu4npShi6 | Deadline:* 11:59 AM, 3rd September 2025 | Note:*"
ZS Associates,,,,,,,,,
Namekart,,,,,"* BTech, Dual , Int MSc.",* All | Note:*,,,
Jindal Steel & Power Ltd. (JSPL),,,,,,,,,
Mercedes-Benz India,,GET: 10 LPA | GAT: 7 LPA (GET after 1 year probation period),,* 2026,"* B.Tech, Dual","* CS, EC, EI, EE, ME, CH, MM, CR",,,"* https://forms.gle/wpMEQ3mJ83Yudpjq8 | Selection Procedure:* | Pre-placement Talk | Resume Shortlisting | Online Test (Aptitude & Technical) | Personal Interview | Deadline:* 6:00 PM, 4th September, 2025"
Mercedes-Benz India,,,,,,,,,
Celebal Technologies,,,,,,,,,
Celebal Technologies,,,,,,,,,
Celebal,,,,,,,,,
Novartis,* Associate Analyst,"* 10,34,901 + 1,89,371	 - Joining Bonus",* 40 KPM,* 2026,"* BTech, Dual, Int. Msc",* All | Eligibility Criteria:* | CGPA >= 6,,,"* https://forms.gle/dNpvh9N5Qv4ST5GZ8 | Deadline :* 5:00 PM, 5th September, 2025 | Note :*"
ZS,,,,,,,,,
Celebal Technologies,,,,,,,,,
Celebal Technologies,,,,,,,,,
L&T Finance,* AI/ML & GenAI Intern,,"1. B.Tech - 25 KPM | 2. Dual, Int. Msc - 20 KPM | CTC on PPO conversion:* 8-10 LPA",* 2026,"* BTech, Dual, Int. Msc",* All,,,"* https://forms.gle/x4zXDq64CBRZ7AEQA | Deadline:* 5:00 PM, 5th September, 2025 | Note:* | ⁠_Curate your CVs according to the Job Role & Job Description._"
Celebal Technologies,,,,,,,,,
Zluri,,,,,,,,,
AlgoUniversity,,,,,,,,,
MOVIN,,,,,,,,,
SiMa.ai,1. AI/ML Intern | 2. Embedded Systems Intern,,BTech - 50 KPM | MTech - 60 KPM | CTC on conversion:* ND,* 2026,"* BTech, MTech, Dual","1. AI/ML Intern - All | 2. Embedded Systems Intern - CS, EC, EI, EE | Eligibility Criteria:* | CGPA >= 6.5 | ⁠No active backlogs. | Selection Procedure:* | Resume Shortlisting | ⁠Online Assessment | ⁠Personal Interviews | Job Location:* Bangalore",,,"* https://forms.gle/StXFj2RjgLBc34DG9 | Deadline:* 11:59 PM, 5th September, 2025 | Strictly No extension of deadline. | ⁠_Curate your CVs according to the Job Role & Job Description._"
Novartis,,,,,,,,,
Pixel Compute,,,,,,,,,
AlgoUniversity,,,"* INR 30,000 / Month | CTC on PPO conversion:* INR 10 - 22 LPA","* 2026, 2025",* All,* All | Registration Form:* https://ng.tinyc.co/auhiring-nitrourkela,,"* Hyderabad, India | Deadline:* 8th September 2025, 11:59 AM | it is mandatory to fill both the forms. | Refer to the JDs for more details.",* https://forms.gle/BvHzomXjmBgMk7YPA
Pixel Compute,,,,,,,,,
JSL,,,,"* 2026,2027","* B. Tech, Dual","* ME, MM, MN, EC, EI, EE, CE, CH, CR, ID | Note:* | 1. All the students irrespective of their sector preference must attend the PPT. | 2. Strict actions will be taken in case of failure to do so. | 3. Everyone must follow the dress code as mentioned in the placement policy.",,,
Pixel Compute,,,,,,,,,
Pixel Compute,,,,,,,,,
Pixel Compute,,,,,,,,,
JSL,,,,,,,,,
JSL,,,,,,,,,
GE Vernova,* Digital Technology Intern,,* 40 KPM | CTC on conversion:*  Base- 12 LPA + Variable Pay - 1.2 LPA + Relocation Bonus + Others,* 2026,"* BTech, Dual, Int MSc","* CS, EC, EI, EE (Minors in the said department) | Eligibility Criteria:* | CGPA >= 7.5 | ⁠No active backlogs. | Selection Procedure:* | Pre-Placement Talk | Resume Shortlisting | ⁠Online Assessment | ⁠Personal Interviews | Job Location:* Bangalore, Hyderabad",,,"* https://forms.gle/EUBj6vEzJPLShHe79 | Deadline:* 11:59 PM, 9th September, 2025 | Note:* | Strictly No extension of deadline. | ⁠_Curate your CVs according to the Job Role & Job Description._"
L&T Finance,,,,,,,,,
ZS,,,,,,,,,
Airamatrix,,,,,,,,,
Pkeday Investments,,,,,,,,,
L&T Finance,,,,,,,,,
Birla Pivot,,* 14 LPA,* 30 KPM,* 2026,"* B. Tech, Dual Degree, Int. M.Sc",* All | Eligibility* | 60% above in 10th and 12th | CGPA >= 6.5 | No active backlogs | Selection Procedure:* | Resume Shortlist | Cognitive & Behavioral Assessment | Coding Assessment | Interview,,,"* https://forms.gle/2FoUGZaUNaGKLhRB9 | Deadline:* 11:59 PM, 11th August 2025 | Note:* | Candidates can choose both the roles in the form. | Stick to the deadline strictly."
Appvin Technologies,,* 8LPA,* 15KPM,* 2026 | Eligibility Criteria:* | 1. 12th and 10th >=70% | 2. Cgpa >=7,"* B.Tech,Dual, IntMsc,M.Tech",* ALL,,"* Noida | Deadline:* 11:59 PM, 14th September 2025 | Bond Period:* 2 Years | Note:*",https://forms.gle/UjmxQeDEN1TkvvSi8
Airamatrix,,,,,,,,,
Reliance Industries Limited (RIL),,1. _On Joining-_ 7.5 LPA _(Fixed Pay)_ | 2. _After 1 Year-_ 8.88 LPA _(8L Fix + 88K Annual Cash Bonus)_ | 3. _After 2 Year-_ 8L Fix + 3L _(One-Time Deferred Bonus)_,,* 2026,"* B. Tech, Dual Degree","* CH, ME, CE, EE, EC, EI, MM, CR, CS | Eligibility Criteria:* | 1. A minimum score of 60% in both 10th and 12th standards, and a CGPA of 6.0 or above in graduation. | 2. The candidate must:  i. Have no active backlogs.  ii. Complete their engineering degree within 4 years, without any detention. | Locations:* Jamnagar, Hazira, Patalganga, Vadodara, Nagothane, Dahej, Bangalore & Navi Mumbai | Registration Link:*  https://forms.gle/RxN6DhtxgeNTS9nQ9 | Deadline:* 12th September 2025, 11:59 PM | Note:*",,,
Pixel Compute,,,,,,,,,
NK Securities Research,,,,,,,,,
Celebal Technologies,,,,,,,,,
Celebal Technologies,,,,,,,,,
L&T Finance,,,,,,,,,
GE Vernova,,,,* 2026,* BTech,"* CS, EC, EI, EE and Minor degree of the said branches | Note: | Everyone should join the meet 15 mins prior to the said timing. | Attendance for the PPT is mandatory for all eligible students.",,,
JSW Group,,,,,,,,,
Accenture,,,,"* 2026, 2027","* B.Tech, Dual Degree, Int. M.Sc, M.Tech","* All | Date:* 17th September 2025 (Wednesday) | Time:* 5:00 PM | Mode:* Online | Deadline:* 11:59 pm, 16th September 2025 | Registration Link:* https://webcast.accenture.com/redirect/goto?event=MEETACCENTUREAEH",,,* https://forms.gle/XgNAk8RDDiG2TXP16 | 1. All the candidates must mandatorily register and attend the session. | 2. Once registered you will receive a confirmation mail regarding the completion of registration. | 3. It is mandatory to fill both the forms.
Mercedes-Benz,,,,,,,,,
GE Vernova,,,,,,,,,
ZS Associates,,,,,,,,,
Mercedes-Benz,,,,,,,,,
JSW Group,,,,,,,,,
L&T Finance,,,,,,,,,
RIL,,,,,,,,,
RIL,,,,,,,,,
Reliance Industries Limited,,,,,,,,,
Aditya Birla Group,,,,"* 2026, 2027",* B.Tech,"* EC, EI, EE, ME, CH, CE, MM, MN, CR | Venue:* TIIR Auditorium | Date:* 15 September 2025 (Tomorrow) | Time:* 14:00 IST (2:00 PM)",,,
Aditya Birla Group,,,,,,,,,
ExxonMobil,,,,,,,,,
RIL,,,,,,,,,
ABG,,,,,,,,,
CENSIE Capital Partners,,* Not Disclosed,* Not Disclosed,* 2026,* All,* All,,,* https://forms.gle/KRvdDsebphwHeGHq6 | Note:*
RELIANCE,,,,,,,,,
Flipkart(NEEV),,,,,,,,,
UKG (Ultimate Kronos Group),,,,,,,,,
Aditya Birla Group (ABG),,,,"* 2026, 2027",* B.Tech,"* All | Competition Structure:* | Participants are required to register in teams of two, teams may be formed across streams and across years of passing. | All registered teams to undergo a written virtual quiz, The highest-scoring team from campus advances to the Zonal Round. | Prizes:* | Winning Team – INR 1,00,000 + certificates | 1st Runners Up Team – INR 75,000 + certificates | 2nd Runners Up Team – INR 50,000 + certificates | Remaining Finalists – ABG Goodies + certificates | Campus Winners going into Zonal Rounds – ABG Goodies + certificates",,,* https://unstop.com/competitions/aditya-birla-group-engenuity-2025-aditya-birla-group-1550282?ref=IWJAOsCB | Registration link:* https://forms.gle/yMfGgU9KVHxM2eaT6 | Deadline:* 17th September 2025 (Today)
Jubilant Pharmova Ltd,,,,,,,,,
Leap,,,,,,,,"* Bengaluru | Deadline :* 11:59 PM, 20th September 2025 | Note:* | Curate your CVs according to the JDs given below as there will be a resume shortlisting round. | Everyone must fill both the application and registration form.",
Birla Pivot,,,,,,,,,"* https://forms.gle/2FoUGZaUNaGKLhRB9 | Updated Deadline:* 3:59 *PM*, 19th September 2025 | Note:* | Those who have already apply, don't reapply. | Stick to the updated deadline. | By Order | Head CDC."
Namekart,,,,* 2026,"* B.Tech, Int. MSc., Dual, B.Arch","AI Engineer, SDE : CS | EDSA : All",,,"* https://docs.google.com/forms/d/e/1FAIpQLSeQIFFfxXUnvuOGXRBT7CRZ5YODoeEVtBhYfx3NCXbCIyL7ag/viewform | Registration Link:* https://forms.gle/MnTFmYkvZikdD6BT8 | Deadline:* 19th September 2025, 11:59 PM | Go through the job description attached and prepare your resume accordingly. | Keep the short deadline in mind. | It is mandatory to fill both the forms."
Accenture,* Advanced Application Engineer (AEH) | CTC :* 11.89 LPA,,,* 2026,"* B.Tech, Dual Degree, M.Tech, Integrated M.Sc, M.Sc","* All | Eligibility:* | No Active Backlogs. | Candidate must have an Indian citizenship. | Candidate must complete the degree within the stipulated duration, without breaks during the course of the program. | Registration Link:* https://indiacampus.accenture.com/v2/registration/accenture/AEH26/apply?event=1054975&job=1159337",,,"* https://forms.gle/EphdUsQX5dgiidjC6 | Deadline:* 2:00 pm, 22nd September 2025 | Note:*"
RIL,,,,,,,,,
Accenture,,,,,,,,,
RIL,,,,,,,,,
Accenture,,,,,,,,,
RIL,,,,,,,,,
RIL,,,,,,,,,
RIL,,,,,,,,,
Accenture,,,,,,,,,
Accenture,,,,,,,,,
UKG,,,,,,,,,
UKG,,,,,,,,,
Accenture,,,,,,,,,
Accenture,,,,,,,,,
RIL,,,,,,,,,
Accenture,,,,,,,,,
Cisco,,,,,,,,,
L&T Limited,,GET:* | Office Based Posting: 6 LPA | Project Site Based Posting: 6.55 LPA | PGET:* | Office Based Posting: 6.25 LPA | Project Site Based Posting: 6.80 LPA,,* 2026,"* B.Tech, M.Tech, B.Arch","*B.Tech:* CE, CS, CH, CR, ME, MM, MN, EE, EI, EC | *M.Tech:* CE, CS, CR, CH, MM, ME, MN, EE, EC | *B.Arch:* AR | Eligibility Criteria:* | 10th & 12th >= 65% | CGPA >= 6.5 | No history of Backlogs | Should be an Indian national, born on or after 01.07.2002 (for UG) and 01.07.1999 (for PG) | Registration Form:* https://campus.lntedutech.com//offline/l#/open/off-campus/landing?college_id=940392f5f32a7ade1cc201767cf83e31&drive_id=82161242827b703e6acf9c726942a1e4",,,"* https://forms.gle/Sfti7AMqvRmAucYi7 | Deadline:* 11:59 PM, 22 September 2025 (Today) | * Access the registration link shared above, create your profile and verify the email ID to receive a confirmation mail. | * Click on the link received on the verified Email ID & Login to the campus portal to set a password. | * Proceed after logging in to complete the application form and submit the same."
Accenture,,,,,,,,,
L&T Limited,,,,,,,,,
Cisco,,,,,,,,,
JSW Group,,,,,,,,,
Accenture,,,,,,,,,
L&T Limited,,,,,,,,,
Accenture,,,,,,,,,
Accenture,,,,,,,,,
Zanskar Tech Pvt. Ltd,,,,,,,,,
L&T Limited,,,,,,,,,
UKG,,,,,,,,,
HP Power Lab 2.0,,,,"* 2026, 2027",* All,"* All | Competition Structure:* | The participants can either register as individuals or compete in teams of 1-4. One person cannot be a part of more than one team. | Cross-college, Cross-year and cross-specialization teams are allowed. | Stages:* | Round 1: Online Assessment | Round 2: Video Submission | Round 3: Detailed Presentation Submission | Round 4: Physical/Virtual Semi-Finale | Round 5: Grand Conclave | Prizes:* | Top 50 participants - Chance of _*Exclusive Summer Internship*_ opportunities at HPCL. | Winning Team – cash prize of up to ₹1,50,000 | 1st Runners Up Team – cash prize of up to ₹1,00,000 | 2nd Runners Up Team – cash prize of up to ₹75,000 | 3rd Runners Up Team – cash prize of up to ₹50,000 | 4th Runners Up Team – cash prize of up to ₹50,000 | 6th - 10th Position Holders – cash prize of up to ₹30,000 each",,,"* https://unstop.com/competitions/hp-power-lab-20-hindustan-petroleum-corporation-ltd-1559081?lb=3u2T1ie&utm_medium=Share&utm_source=ashish_1143&utm_campaign=Competitions | Registration link:* https://forms.gle/jzZiAm2DUxbhJHTZ8 | Deadline:* 23:59 PM, 30th September 2025"
Accenture,,,,,,,,,
Accenture,,,,,,,,,
SiMa.ai,,,,,,,,,
PwC India,,* 9.05 LPA,,* 2026,"* B.Tech, Dual","B.Tech- CS,EC,EI,EE,ME,ID,MM | Dual- MM | Eligibility:* | 1. CGPA >= 6 | 2. 60% and above in 12th and 10th | 3. No active backlogs | 4. Gap year should not be more than 12 months. | Selection Process:* | 1. Resume Shortlist | 2. Online Test | 3. Personal Interview | Registration Link:* https://app.joinsuperset.com/join/#/signup/student?jp=c88a52cc-8993-4b3a-9d1b-6a1c661cb6de",,,"https://forms.gle/6s4H3rk34c78JLBs8 | Deadline:* 11:00AM 26th September,2025 | Note:*"
Ola Electric,* Research Intern | 1. Electrode & Materials | 2. Cell Design | 3. AI Powered Battery Analytics | 4. Electrolyte Cell | 5. Vehicle Engineering,,* 65 KPM + 5K Travel Allowance | CTC on conversion:* ND,* 2026,"* MTech, Dual, Int. MSc","* All | Eligibility Criteria:* | CGPA >= 6 | ⁠No active backlogs. | Selection Procedure:* | Resume Shortlisting | ⁠Online Assessment | ⁠Personal Interviews | Job Location:* Bangalore, Krishnagiri",,,"* https://forms.gle/ySA64HkUFExXcUZt6 | Deadline:* 23:59 , 25th September, 2025 | Note: | Keep the short deadline in mind. | Follow the JD for detailed eligibility criteria. | ⁠_Curate your CVs according to the Job Role & Job Description._"
PwC India,,,,,,,,,
Signify Innovations(Formerly Phillips Lighting),,* 11.35LPA+1L Joining Bonus,* 32KPM,* 2026,"* B.Tech,Dual","* ME,CH,CR,MM,EE,ID,FP",,"* Gurgaon (Tentative) | Hiring Process:* | 1. Resume Shortlisting | 2. Group Discussion | 3. Personal Interview | Deadline:* 11:59 PM, 29th September 2025 | Note:*",https://forms.gle/kQBtgrEd7FqdyKfX7
Accenture,,,,,,,,,
PwC India,,,,,,,,,
PwC India,,,,,,,,,
SenseHQ,,,* 25 KPM | CTC on Conversion:* 11 LPA,* 2026,"* B. Tech, M. Tech, Dual Degree, Int Msc",* All,,* Bengaluru | Registration link:* https://forms.gle/D226c4PUGZFf9JLw5 | Note:*,
Mercedes-Benz India,,,,* 2026,"* B.Tech, Dual","* CS, EC, EI, EE, ME, CH, MM, CR, ID | Date:* 26th September 2025 | Time:* 4:40 PM | Link:* | https://teams.microsoft.com/l/meetup-join/19%3ameeting_M2M3NzYzNmItMGMzNi00MTI4LTgzMjctMTViYWI5OWQzNTJl%40thread.v2/0?context=%7b%22Tid%22%3a%229652d7c2-1ccf-4940-8151-4a92bd474ed0%22%2c%22Oid%22%3a%22b7333a19-a64b-4696-8ae5-ce391a44e27c%22%7d | Meeting ID:* 353 562 037 696 1 | Password:* FN2YK3Ly | Ensure stable internet connectivity. | Join the session at least 5 minutes before the scheduled time. | Keep microphones muted unless asked to speak. | Maintain professional etiquette throughout the session.",,,
Accenture,,,,,,,,,
GE Vernova,,,,,,,,,
UKG,,,,,,,,,
Ola Electric,,,,,,,,,"* https://forms.gle/ySA64HkUFExXcUZt6 | Deadline:* 23:59, 26th Sept 2026 (Today) | Only those candidates who had applied earlier are required to provide the additional information."
Mercedes-Benz,,,,,,,,,
Meetmux by Altrodav Technologies,,* 20 LPA ( 14LPA Base),* 1 LPM,* 2026,"* B.Tech, M.Tech, Int Msc, Dual",* All,,,"* https://forms.gle/2Vvew4B6gUEdYhgK9 | Deadline:* 11:59PM, 28th September"
PwC India,,,,,,,,,
Jindal Stainless Limited,* GET,* 9.5 LPA,,* 2026,* B.Tech,"* EE, ME, MM | Eligibility Criteria:* | Minimum 65% in Class 10, Class 12, and Graduation. | No more than 1 gap year permitted. | No active or uncleared backlogs allowed",,,"* https://forms.gle/CqaxEpys3KTJ63v68 | Registration Link:* https://unstop.com/o/GhSF75C?utm_medium=Share&utm_source=rajatyad2200&utm_campaign=Jobs | Deadline:* 11:59 PM, 27th September, 2025 | Note:*"
ZS Associates,,,,,,,,,
ZS Associates,,,,,,,,,
Mercedes-Benz,,,,,,,,,
DCM Shriram Ltd,* GET,* 7.5LPA,,* 2026,* B.Tech,"* EI, EE, ME, CH, MM | Eligibility:* | 1. CGPA >= 7.0 | 2. ⁠No active backlog | Selection Procedure:* | Pre-Placement Talk | Resume Shortlisting | Online Test | Group Discussion | Personal Interview",,,"* https://forms.gle/JL7hEZw8X91H9ch69 | Deadline:* 11:59PM, 29th September 2025 | ⁠Keep the short deadline in mind."
Confluent,* Software Engineering Intern,* 50.5 LPA,* 1.1 LPM,* 2026,* Btech,* All | Eligibility Criteria:* | 1. CGPA>= 6.5 | 2. No Active Backlogs.,,,"* https://forms.gle/ekgcLeBNWswQfXnx8 | Deadline:* 11.59 PM, 28th September. | Note:* | 1. Apart from DSA, apply only if you are proficient in the following areas: OS (concurrency, multithreading, semaphores, mutex,logs), OOPS, DBMS. | 2. Keep the deadline in mind."
Jindal Stainless Limited,,,,,,,,,
Confluent,,,,,,,,,
Signify,,,,,,,,,
SenseHQ,,,,,,,,,
Leap,,,,,,,,,
UKG,,,,,,,,,
Calderys,,* 6.5LPA - 7LPA,,* 2026 | Eligibility Criteria:* | 1. CG >=7.0,"* B.Tech,Dual","* ME,MM,CR",,,"* https://forms.gle/FSVaHi8vam76tMmDA | Deadline:* 11:59 PM, 1st October 2025 | Note:*"
EXL Service,* Business Analyst (Band-A2),* 9.25 LPA,,* 2026,* BTech,* All | Eligibility Criteria:* | CGPA >= 6.5 | ⁠No Active Backlogs | Selection Process:* | Online Aptitude Test | Resume based shortlisting | 2-3 Interview rounds,,,"* https://forms.gle/HY5nwt15iZHEs6zS8 | Deadline :* 3:00 PM, 30th September, 2025(Tomorrow) | Note :*"
Nasdaq,1. Software Development Intern | 2. QA Testing Intern | 3. Finance Intern | 4. Data Science Intern | 5. Data Engineer Intern | 6. Data Analyst Intern | 7. Product/Project Management Intern,* 9.5 LPA + benefits,* 50 KPM,* 2026,"* Btech, Mtech, Dual, Int MSc",* All,,,"* https://forms.gle/eKBCuzSwRPtcu2SD7 | Deadline:* 11:59 AM, 30th September"
Calderys,,,,,,,,,https://forms.gle/FSVaHi8vam76tMmDA
Nasdaq,,,,,,,,,
UKG,,,,,,,,,
DCM Shriram,,,,,,,,,
Nasdaq,,,,,,,,,
UKG,,,,,,,,,
Confluent,,,,,,,,,
Calderys,,,,,,,,,
Blogvault,,,* 30 KPM | CTC on Conversion:* | 1. Associate Software Engineer : 8-10 LPA | 2. Software Engineer : 10-12 LPA,* 2026,* Btech,* All | Eligibility:* | 1.CGPA > 6 | 2.No Active backlogs | Selection Process:* | 1.OT | 2.Technical interview | 3.HR interview,,* Bengaluru,"* https://forms.gle/GRTTSSEqH8gf6Som8 | Deadline:* 11:59 PM, 3rd Oct"
JSL,,,,,,,,,
Reliance,,,,,,,,,
Dassault Systèmes,* Software Engineer,"B.Tech- 10 LPA | M.Tech, Dual, Int MSc- 11 LPA","B.Tech- 30KPM | M.Tech, Dual, Int MSc- 35KPM",* 2026,"B.Tech, M.Tech, Dual, Int MSc",* All | Eligibility:* | 1. CGPA >= 6 | 2. ⁠60% and above in 10th and 12th | 3. ⁠No active backlog,,,"* https://forms.gle/sTw27LsjvcY2yAwW6 | Deadline:* 23:59 5th October, 2025 | Note:* | Keep short deadline in mind. | Service Contract/Bond: 1L for 18 Months."
Dassault Systèmes,,,,,"* BTech, M.Tech, Dual, Int MSc",* All | Note:*,,,
EXL,,,,,,,,,
Dassault Systèmes,,,,,,,,,
L&T Limited,,,,,,,,,
Varuna Marine Services,,,* 35KPM | CTC*: 9LPA,* 2026,"* B.Tech, M.Tech, Dual, Int. MSc","* All | Eligibility*: CGPA >= 7.00 | Mode*: Remote | Apply Link:*  https://forms.gle/bqnAfHFLZWniD7mT7 | Deadline*:  11:59 PM, 7th Oct 2025 | Note*: | Keep in mind the short deadline. | ⁠Go through the JD and curate your resume before apply.",,,
L&T Limited,,,,,,,,,
Dassault Systemes,,,,,,,,,
Confluent,,,,,,,,,
Aditya Birla Group (ABG),,,,,,,,,
Quantiphi Analytics,,* 8.5 LPA (6.5 LPA - Fixed+ 2 Lakhs QCDP),* 24 KPM,* 2026,"* B.Tech, Dual Degree, M.Tech, Int Msc","* All, MA(for Int Msc)",,* Mumbai/Bangalore | Eligibility Criteria:* | 10th & 12th >= 70% | CGPA = 7.00 or above | No active backlogs,"* https://forms.gle/vru9bctUiHwRSiT57 | Registration Link:* https://unstop.com/p/quantiphi-campus-hiring-2026-nit-rourkela-quantiphi-1559639 | Deadline:* 11:59 PM, 8th October 2025 | 1. All students must register on the NAPS portal, complete the KYC process and submit their bank details on the portal. | 2. Sharing the NAPS Candidate ID during registration on Unstop is mandatory. | 3. ⁠Providing incorrect IDs or failing to create a valid NAPS ID will result in the disqualification of their candidature. | 4. *⁠Portal Link:* https://www.apprenticeshipindia.gov.in/candidate-login"
Leap,,,,,,,,,
Quantiphi,,,,,,,,,
Dassault Systèmes,,,"B.Tech- 40KPM | M.Tech,Dual,Int MSc- 45KPM",,,,,,
OLA Electric,,,,,,,,,
ZS Associates,,,,,,,,,
TMRW House Of Brands _(an Aditya Birla Group Venture)_,,,* 35 KPM | CTC on Conversion:* 9-13 LPA _(Incl. Variable Pay)_,* 2026,"* B. Tech, Dual Degree, Int MSc",* All,,* Bangalore | Registration link:* https://forms.gle/dqJoZAsVxEaUCZjf8 | Note:*,
L&T Finance,,,,,,,,,
Quantiphi,,,,,,,,,
Leap,,,,,,,,,
Restroworks,,* 8-10 LPA ( CTC is negotiable post-interview and may exceed the quoted range),"* 26KPM (During 3 months Training), 27KPM (During 3 months Probation)",* 2026,* BTech,* All,,* Delhi,"* https://forms.gle/oh3kEHDq3vW4yMwq7 | Deadline:* 3:00 PM, 9 October 2025. (Today) | All with software as their first preference must apply for this. | Keep in mind the short deadline."
Leap,,,,,,,,,
Restroworks,,,,,,,,,
Tata Consultancy Services,,,,* 2026,"* B.Tech, M.Tech, Dual Degree, Int MSc, MSc","* All | Mode:* Offline | Venue:* TIIR Auditorium | Registration Form:* https://forms.gle/ctArHQ1gapahnd1B9 | Deadline:* 6PM, 10th October 2025 | Note:*",,,
PharmaACE,,* 8.6 LPA,,* 2026,"* B. Tech, M. Tech, Dual, Int MSc, MSc","B. Tech: CS, EE, ECE, EI, ME, MM, CH, BM, BT | M. Tech: CS, EE, ECE, ME, MM, CH, BM, BT | Dual: MM, CH | Int. MSc, MSc: LS | Selection Process:* | 1. Pre-Placement Talk | 2. Resume Shortlist | 3. Online Test | 4. Personal Interview | Job Location:* Pune/Hyderabad | Registration Form:* | https://forms.gle/rhsaFmEa8564doC56 | Deadline:* 11:59 PM, 10th October 2025 | Note:*",,,
Dassault Systèmes,,,,,,,,,
Dassault Systèmes,,,,,,,,,
Dassault Systèmes,,,,,,,,,
Reliance,,,,,,,,,
TCS,,,,,,,,,
TCS,,,,,,,,,
L&T,,,,,,,,,
Quantiphi,,,,,,,,,
Quantiphi,,,,,,,,,
L&T Finance,,,,,,,,,
L&T,,,,,,,,,
TCS,,,,,,,,,
Bluno,,,,,,,,,
Quantiphi,,,,,,,,"* PPT Room, CDC | Note:* | ⁠_Attendance is mandatory for all the registered candidates._",
Quantiphi,,,,,,,,,
Quantiphi,,,,,,,,* LA LABS | Note:*,
OT Test Update,,,,,,,,,
Quantiphi,,,,,,,,,
Bluno,,,,,,,,,
Confluent,,,,,,,,,
Reliance Industries Limited,,* 7.5 LPA (Fixed Pay),,* 2026,* B.Tech,"* CH, ME, CE, EE, EI, MM | Eligibility Criteria:* | 1. A minimum score of 60% in both 10th and 12th standards, and a CGPA of 6.0 or above in graduation. | 2. The candidate must:  i. Have no active backlogs.  ii. Complete their engineering degree within 4 years, without any detention. | Registration Link:* https://unstop.com/jobs/ril-graduate-engineer-trainee-get-program-2026-reliance-industries-limited-ril-1560004?lb=3u2T1ie&utm_medium=Share&utm_source=ashish_1143&utm_campaign=Jobs",,,"* https://forms.gle/SkBw9MvUxxEy1Egh8 | Deadline:* 15 Oct 2025, 11:59 PM | Note:* | Keep in mind the short deadline as there would be no further extensions. | Filling both the forms is mandatory. | It is recommended to use an email ID for Unstop that is different from the one used for RIL’s on-campus visit."
L&T Finance,,,,,,,,,
RAAM GROUP,Next Gen Leader | ⁠Management Trainee,,* 20 KPM | CTC on PPO conversion:* | Next Gen Leader - 30 LPA | ⁠Management Trainee - 10 LPA,* 2026,"* BTech, Dual",* All | Selection Procedure:* | Pre-Placement Talk | Resume Shortlisting | Group Discussion | ⁠Personal Interviews | Job Location:* PAN India,,,"* https://forms.gle/v6XvkLJMuWB4hYAr5 | Deadline:* 11:59 PM, 14th October, 2025 | Note:* | ⁠_Curate your CVs according to the Job Role & Job Description._"
Reliance Industries Limited,,,,,,,,,
Pkeday Investments,,,,,,,,,
Quantiphi,,,,,,,,,
Leap,,,,,,,,,
Pfizer,* Data Science & AI Intern,* ND,* ND,* 2026,"* M.Tech, Int. MSc, Dual Degree",* All,* January to June 2026,* Mumbai,"* https://forms.gle/SkD5ZARSfng5w3vi8 | Deadline:* 2PM, 15th October 2025 | ⁠Keep the short deadline in mind. | The information regarding Stipend and CTC will be communicated later. | Curate the CVs according to the Job Role."
TCS NQT,"* Prime, Digital, Ninja (Performance Based)","Prime: UG-9.09LPA, PG-11.59LPA | Digital: UG-7.09LPA, PG-7.39LPA | Ninja: UG-3.46LPA, PG-3.62LPA",,* 2026,"* B. Tech, M. Tech, Int MSc,  Dual, Msc","* ALL | Registration Guidelines:* | You need to register on the TCS NextStep Portal at this link below. Please select IT as your applicant role and *use only your personal email-id to register on the portal. DON'T use institute mail-id.Steps For Registration:* | Link:* https://nextstep.tcsapps.com/indiacampus/#/ | Steps:* | 1. Students to visit http://nextstep.tcs.com/campusClick on “Register Now”. | 2. Choose the category as “ *IT* ” | 3. Fill up the details to get a *Reference ID.* | 4. Proceed to complete the Application Form. | 5. Click on ‘ *Apply for Drive* ’ | While registering, make sure that you upload your highest degree of qualification, i.e. For Ex- Int. Msc will fill Msc, B. Tech will fill B. Tech and M. Tech will fill M. Tech. | Be professional while filling the form. You must upload a professional photograph and not any casual one while applying on the portal. | Once you have filled, you'll be getting a reference ID after successful registration. Please retain that. | If you have already registered earlier on the portal, please login, complete your application details and use the same reference ID and email to fill the google form. | Only after completion of your entire application by providing all details, use your reference ID to fill the following form:",,,"* https://forms.gle/DjgKbGW6uX85iG3k7 | Deadline:*  14th October, 11:59 PM *(Today)* | Note:* | Keep short deadline in mind. | Must fill both the Registration and Application form."
Indian Metal & Ferro Alloys ( Commonly known as IMFA ),,* 7 LPA,,* 2026,* Btech,"* EE, ME , MN, MM | Eligibility:* | 1.CGPA > 6 | 2.No Active backlogs | 3.10th & 12th > 60%",,,"* https://forms.gle/hEpEX2mNbwBfj4zP8 | Deadline:* 11:59PM , 15th Oct"
TCS NQT,,,,,,,,,
Bluno,,,,,,,,,
ICICI Bank,,,,* 2026,"* BTech, Dual, Int Msc","* All | Date:* 17th Oct, 2025 | Mode:* Online | Note:* | ⁠_Exact time of the PPT session will be informed shortly._",,,
L&T Finance,,,,,,,,,
Bounteous x Accolite,* Software Engineer,,* 25 KPM | CTC on Conversion:* 11 LPA,* 2026,"* B.Tech, Dual, Int M.Sc,  M.Tech",* All | Eligibility:* | Students from M.Tech are eligible only if they have successfully completed at least one programming course. | CGPA >= 6 | ⁠10th and 12th >= 60% | ⁠No active backlogs | Registration Link:* https://talenttitan.com/candidates/hiring-drives/bounteous-campus-hiring/,,,"* https://forms.gle/GjUx4ZCHsJ8gJkFH7 | Deadline:* 11:59 pm 17th October, 2026 | Note:*"
Calderys,,,,,,,,,
TCS NQT,,,,,,,,,* https://forms.gle/DjgKbGW6uX85iG3k7 | NOTE:* | Some additional questions have been added in the Google Form filling that is mandatory.
IMFA,,,,,,,,,
IMFA,,,,,,,,,
Carborundum Universal Ltd (CUMI Group),,* 6 - 6.5LPA,,* 2026 | Hiring Process:* | Pre-Placement Talk | Shortlisting | Online Assesment | Personal Interview | Eligibility Criteria:* | 1. CG >=6.0 | 2. 10th and 12th >=60 | 3. No Backlog history,"* M.Tech,Dual","* ME,MM,CR,MN,ID,CH,EE,EC,EI",,,"* https://forms.gle/bgtqjdcGNiTEJULr5 | Deadline:* 11:59 PM, 19th October 2025 | Bond Period:* 2 years | Note:*"
Jubilant Pharmova,,,,,,,,,
Impact Analytics,* AI Analyst,,* 15 KPM | CTC on Conversion:* 13 LPA (10.5 L Fixed),* 2026,"* B.Tech, Dual","* CS, EC, EE, EI, ME, MM, CE, CH, CR, MN, BM, BT | Eligibility:* CGPA >= 7",,,"* https://forms.gle/GrPuBK2NWrsJHfAaA | Deadline:* 11:59 pm, 17th October, 2025 | Note:* | ⁠_Refer to the Job Description below._ <This message was edited>"
Zanskar Tech Pvt. Ltd.,,,,,,,,,
L&T Finance,,,,,,,,,
Leap,,,,,,,,,
Dassault Systèmes,,,,,,,,,
Dassault Systèmes,,,,,,,,,
ICICI Bank,,,,,,,,,
ICICI Bank,,,,,,,,,
ICICI Bank,,,,,,,,,
ElectricPe,,,,,,,,,
Nasdaq,,,,,,,,,
Dassault Systèmes,,,,,,,,,
Impact Analytics,,,,,,,,,
Impact Analytics,,,,,,,,,
ElectricPe,,,,,,,,,
TCS,,,,,,,,,
JSL,,,,,,,,,
Union Bank of Switzerland(UBS) - Revisit,,* ND,* 60 KPM,* 2026,"* BTech, MTech, Dual",* All | Eligibility Criteria:* CGPA >= 7 | Selection Process:* | 1. Culture Aptitude Test and Cognitive Ability Test | 2. Online Test | 3. Personal Interviews,,,"* https://forms.gle/kDBAhyJSHUiAmYF57 | Deadline :* 21st October, 2025, 11:59 PM | Note : | Refer to the Job Description attached for more details."
Tata Consulting Engineers (TCE),,"B.Tech, B.Arch - 4.5 LPA | M.Tech, Dual - 5 LPA | Category:* C2",,,"* B.Tech, B.Arch, Dual, M.Tech","B.Tech - CE, CH, EE, ME, MM | B.Arch - AR | Dual - CH, MM | M.Tech - CE, CH, MM, EE(All except Control & Automation), EC( Electronics & Instrumentation), ME(Mechanical Systems Design & Control, Thermal Engineering) | Eligibility Criteria:* | >= 60% throughout Academics | No Active backlogs | Bond:* 36 months (Duration), 50K (Bond amount) | Registration Link:* | 1) B.Tech, B.Arch - | https://shorturl.at/uhhZW | 2) M.Tech, Dual - | https://shorturl.at/ilZGY",,,"https://forms.gle/QoJ43A9xhnyJNUFy7 | Deadline:* 11:59 PM, 23rd October 2025 | Note:*"
Pibit AI,,,,,,,,,
TCS NQT,,,,,,,,,
TCE,,,,,,,,,
TCS NQT,,,,,,,,,
OLA Electric,,,,,,,,,
Pibit AI,,,,,,,,,
Slice,* Analytical Intern,,* 30 KPM | CTC on conversion:* 12 LPA,* 2026,"* BTech,  Dual",* All | Registration Link:* https://tinyurl.com/NxtWaveEdge-NITRourkela,,,"* https://forms.gle/3SE9AxTsL7cUM6rE9 | Deadline:* 11:59 PM, 25th October, 2025 | Note:* | ⁠_It is mandatory to fill both the forms._"
TATA Steel,* Management Trainee (R&T),* 13.23 LPA,,"* 2026 | Eligible Courses & Branches:* | MM: M.Tech, Dual, PhD. | CE: M.Tech | Eligibility Criteria:* | CGPA>6.5 | CGPA>6 for SC/ST. | The colour vision should be normal as determined by Ishihara’s Test Chart. | Acuity of vision without/with glasses should be 6/9 in each eye for age (20-45 years). | The power of corrective glasses should not exceed +- 6.0 D (Spherical/Cylindrical combined) for technical roles. | The Candidate should have binocular vision. | The Candidate should not be suffering from night blindness like Retinitis Pigmentosa. | Any abnormality for eye beyond above criteria, will be referred to Eye Specialist.",,,,,"https://forms.gle/KxFSCCV8Ecy4Hq7k8 | Deadline:* 11:59 PM, 25th October, 2025 | Note:* | Mention NA in the fields that are not applicable for you. | Keep the short deadline in your mind."
JSL,,,,,,,,,
TCE,,,,,,,,,
ICICI Bank,,* 12 LPA,,* 2026,"* B Tech, Dual, Int MSc","* All | Procedure:* | 1. Resume Shortlisting | 2. Online Test | 3. Personal Interview | Registration Form:* https://forms.gle/wZiRZjaYjXesuCnRA | Deadline:* *11:00 AM*, 26 October 2025 | Keep in mind the short deadline as there would be no further extensions.",,,
Slice,,,,,,,,,
